Station ID,Name,State,Lat,Lon,Elev (ft),Complete winters,First winter,Last winter,Median snowfall (in),Mean snowfall (in),Median snow days >=0.1in,P80 snow days >=0.1in,Median storms >=1in,P80 storms >=1in,P90 storms >=1in,Max storms >=1in,Median storms >=2in,P80 storms >=2in,P90 storms >=2in,Max storms >=2in,Median storms >=3in,P80 storms >=3in,P90 storms >=3in,Max storms >=3in,Median storms >=4in,P80 storms >=4in,P90 storms >=4in,Max storms >=4in,Median storms >=6in,P80 storms >=6in,P90 storms >=6in,Max storms >=6in
USC00500243,ALYESKA,AK,60.9583,-149.1108,272,29,1996-97,2025-26,204.7,205.7,64,76.4,23,28,29.2,32,19,23.4,25,26,16,19,21.2,23,14,17,18.4,22,10,12.4,14.2,20
USW00026451,ANCHORAGE TED STEVENS INTL AP,AK,61.1692,-150.0278,125,30,1996-97,2025-26,76.5,79.1,47.5,55.4,15,18,20,22,11,13.2,14.2,18,9,11,12,14,7,8.2,10.1,11,5,6.2,7.1,9
USC00500464,AUKE BAY,AK,58.3814,-134.645,44,26,1996-97,2024-25,75.3,77.8,37.5,54,12,15,17.5,22,9.5,12,13,18,6.5,10,11,14,6,8,8,14,4.5,6,6.5,9
USW00026533,BETTLES AP,AK,66.9178,-151.5189,645,28,1996-97,2025-26,97.8,97.1,74.5,88,17.5,21,24.6,28,13,16,17,20,11,12,12.3,14,7,9,10.3,14,4,7.2,8.3,10
USC00501240,CANNERY CREEK,AK,61.0183,-147.5147,85,24,1996-97,2025-26,113.8,124,50.5,66.8,16,22,23,25,13,16.4,17.7,20,9.5,15,15.7,18,8,13,13.7,15,6.5,9,10,12
USC00501684,CHICKEN,AK,64.0917,-141.9211,1800,28,1997-98,2025-26,36.2,38.8,28,31.6,15,17,21.2,28,7,11.2,12.3,13,4,6.6,7.3,9,3,4,5,5,1,2,3,3
USC00501987,CIRCLE HOT SPRINGS,AK,65.4939,-144.6422,860,24,2000-01,2025-26,52.1,53.7,50,64.4,15,17.4,18,24,9,11.4,12.7,14,6,8.4,9,11,4,5.4,6,8,1,3,3.7,5
USC00502107,COLLEGE OBSY,AK,64.8603,-147.8483,597,27,1996-97,2025-26,61.7,62.5,59,68.4,16,19,21,22,10,11.8,14,14,6,9,9,12,4,6,6.4,8,2,3.8,4,5
USC00502352,DELTA JUNCTION 20 SE,AK,63.9647,-145.105,1125,29,1996-97,2025-26,42.6,45.4,38,42.4,15,18,19.2,24,9,11,12.4,18,6,7,8.6,13,3,4.4,5,9,1,1.4,2,3
USC00502568,DRY CREEK,AK,63.6747,-144.6042,1355,30,1996-97,2025-26,61.4,59.6,56.5,67,15.5,19.2,21.1,25,10,13,14,17,7,9,10,12,4.5,6.2,7.1,9,2,3,3.1,4
USC00502587,DUTCH HARBOR,AK,53.895,-166.5433,10,27,1997-98,2025-26,54.8,72.4,37,52.2,14,19,21,26,9,13,14,19,7,10,12,12,6,8,9.4,11,4,5,6.4,9
USC00502607,EAGLE,AK,64.7856,-141.2036,850,30,1996-97,2025-26,57.7,61.1,36.5,49.8,18.5,21.2,22,24,12,15,16,17,8,10,11.1,16,5,6.2,8,8,2,3,4,5
USW00026411,FAIRBANKS INTL AP,AK,64.8031,-147.8761,430,30,1996-97,2025-26,61.8,62.8,59.5,65.6,15.5,18.2,19.1,21,9.5,12.2,14,15,7,9,9.2,12,5,6,7.1,8,2,4,4.1,6
USC00503275,GILMORE CREEK,AK,64.9767,-147.5211,945,29,1996-97,2025-26,55.6,57.2,44,51,15,17.4,18.8,25,9,12,13.4,18,6,8,10,10,4,5,7.2,8,2,3.4,4,6
USC00503504,HAINES 40NW,AK,59.4503,-136.3614,820,26,1996-97,2025-26,234.1,236.2,67.5,76,23,27,29,32,18,23,25,29,16.5,19,21.5,25,15,17,20,23,11.5,14,15.5,21
USW00025309,JUNEAU AP,AK,58.3539,-134.5561,19,30,1996-97,2025-26,78.6,87.2,44,55.4,12,16.2,17.1,19,9,13,14,17,7,10.2,11.2,14,6,8.2,10.1,13,4.5,6,7,11
USC00504621,KEYSTONE RIDGE,AK,64.9156,-148.2711,1600,28,1996-97,2025-26,79,81.8,70,77,19,20,21.6,24,12,14.6,16.3,18,8,10,11,13,6,7.6,9,10,3,4,5.3,7
USC00505136,KUPARUK,AK,70.3289,-149.6114,64,29,1996-97,2025-26,33.6,32.5,62,71.6,12,13,14.2,17,4,5,6.2,9,2,3,4.2,6,1,2,2.2,3,0,1,1,2
USC00505464,LAZY MTN,AK,61.6267,-149.0364,733,28,1996-97,2025-26,84.2,79.8,39,43,15,19.6,22,25,12,15,18,21,10,13,14,18,8,10,10.3,17,4.5,6,7,10
USC00505604,MAIN BAY,AK,60.5181,-148.093,57,28,1996-97,2025-26,263.6,264.9,63.5,81.4,22.5,27.6,30.3,35,20,24,26.3,32,17.5,22,23.3,28,15.5,19.6,21.6,24,13,16,17.3,20
USC00505778,MCKINLEY PARK,AK,63.7175,-148.9692,2070,30,1996-97,2025-26,70.9,75.6,63,73.4,16,19,22,24,10,13.2,15.1,20,7,8.2,10.1,15,4.5,6.2,8.1,12,2.5,5,6,7
USC00506581,N POLE,AK,64.7581,-147.3253,475,29,1996-97,2025-26,50.9,50.4,46,56,14,15.8,18,21,8,11.4,12,15,5,6.4,8,10,3,5.4,6,8,1,3,4.2,6
USC00509891,N POLE 1N,AK,64.76,-147.34,496,24,1997-98,2025-26,62.5,60.8,57.5,73.8,16,18.8,21.7,23,9.5,12.4,13.7,16,6,9.4,10.7,11,4,6.4,8.4,10,2,4,4.7,7
USC00509793,WHITESTONE FARMS,AK,64.1539,-145.8894,995,29,1997-98,2025-26,43.5,45.8,51,60,14,17,17,19,8,10,11,13,4,6,6.2,9,3,4,5,7,1,2,2.2,6
USC00030842,BOTKINBURG 3 NE,AR,35.7264,-92.4672,1271,24,1996-97,2024-25,5.8,7.6,2,4,2,3,4,6,1,2.4,3,5,1,2,2,4,1,1,2,4,0,1,1,2
USC00031132,CALICO ROCK 2 WSW,AR,36.1092,-92.1642,359,27,1996-97,2025-26,6,7.2,3,5,1,2,3.4,6,1,2,3,5,1,1,2,3,1,1,2,3,0,1,1,2
USW00093993,FAYETTEVILLE DRAKE FLD,AR,36.0103,-94.1683,1237,30,1996-97,2025-26,6.1,7.6,3,6.2,1,3.2,4,4,1,2,3,4,1,1,2.1,4,0.5,1,2,4,0,1,1,4
USC00033132,HARDY,AR,36.2747,-91.5056,400,24,1999-00,2025-26,6.2,7.3,2.5,4.4,1,3,4,5,1,2,3,4,1,2,2.7,3,1,1.4,2,3,0,1,1,2
USC00034106,LEAD HILL,AR,36.4194,-92.9158,830,25,1996-97,2025-26,7,7.8,3,5,2,3,3,5,1,2,3,3,1,2,2,3,1,1.2,2,2,0,1,1,2
USC00034666,MARSHALL,AR,35.9117,-92.6564,951,24,1996-97,2025-26,5.9,7.2,2,3.8,1,3,3.7,5,1,2,2.7,5,1,1.4,2,4,1,1,1.7,3,0,1,1,1
USC00035036,MTN HOME 1 NNW,AR,36.3458,-92.3939,800,26,1996-97,2025-26,6.3,7.4,3.5,6,2,3,3,6,1,3,3,5,1,2,3,3,1,1,2,3,0,1,1,1
USC00035046,MTN VIEW,AR,35.8444,-92.0978,716,24,1996-97,2025-26,5.5,6.7,2.5,5,1,3.4,4.7,5,1,2,3,5,1,2,2,3,0.5,1,1,3,0,1,1,1
USC00035820,POCAHONTAS 1,AR,36.2642,-90.9683,315,30,1996-97,2025-26,6.2,7.2,2.5,4,1.5,3,4,5,1,2,3,5,1,2,2,4,1,2,2,2,0,1,1,2
USC00020159,ALPINE,AZ,33.8492,-109.1469,8050,24,1996-97,2025-26,27.2,37.7,13.5,19.4,7,10,12.4,19,5.5,9,11,15,4.5,7,9.4,12,3.5,7,7.7,9,1.5,3.4,4.7,5
USC00020750,BETATAKIN,AZ,36.6778,-110.5411,7286,27,1996-97,2025-26,31.8,35.6,12,21,8,11,14.4,20,6,8.8,10.4,15,4,5.8,8.4,12,3,4.8,7.4,9,2,3,4,7
USC00021248,CANYON DE CHELLY,AZ,36.1533,-109.5394,5610,28,1996-97,2025-26,5.7,5.9,5,7,2,3,3.3,6,1,2,2.3,3,0,1,2,2,0,0,1,2,0,0,0.3,2
USC00023961,HEBER (BLACK MESA) RS,AZ,34.3925,-110.5581,6590,25,1996-97,2025-26,18.1,20.8,7,10,4,7,7.6,10,3,5,6,9,2,3,4.6,8,2,3,3,7,1,2,2.6,5
USC00025412,MCNARY 2N,AZ,34.1133,-109.86,7340,29,1996-97,2025-26,62.8,63.5,29,35.8,11,14,14.2,20,8,11,12.4,16,6,9,11,14,5,7,9,12,4,5,6,8
USW00093139,PAYSON,AZ,34.2325,-111.3447,4850,25,1996-97,2025-26,21.1,19.8,6,9.2,3,5,5.6,8,3,4.2,5,6,2,3.2,5,6,2,3,3,5,1,2,2,3
USC00026796,PRESCOTT,AZ,34.5706,-112.4322,5205,28,1996-97,2025-26,10,9.9,5.5,8.6,3,4,5,6,1,3,4,4,1,1.6,2.3,4,1,1,2,3,0,1,1,2
USC00027716,SELIGMAN,AZ,35.3319,-112.8794,5250,28,1996-97,2024-25,8.8,10.8,5,7.6,3,4,5,9,2,2.6,3,8,1,2,3,7,1,1.6,2,4,0,1,1,2
USC00027855,SHOW LOW AP,AZ,34.2639,-110.0075,6411,29,1996-97,2025-26,20.9,22.5,10,15.4,6,9.4,12,17,3,6.4,8.2,13,2,4.4,5.4,11,2,3,5.2,7,1,2,2.2,5
USC00028329,SUNSET CRATER NM,AZ,35.3694,-111.5436,6980,28,1996-97,2025-26,39.5,44,17.5,24,8,11.6,12.3,16,6,7.6,8,10,4.5,6,7.3,8,3,5,6.3,8,2,3.6,4.3,7
USC00029156,WALNUT CANYON NM,AZ,35.1722,-111.5097,6695,26,1996-97,2025-26,39.5,44.6,15.5,21,8,10,12,21,6,8,10,14,4.5,7,8,12,4,6,6,8,2,3,4.5,5
USC00029158,WALNUT CREEK,AZ,34.9281,-112.8097,5090,27,1996-97,2025-26,6,8.3,1,4,1,2,3.8,6,1,2,3.4,5,1,1.8,2,3,1,1,2,2,0,1,1.4,2
USC00029359,WILLIAMS,AZ,35.2414,-112.1928,6909,24,1996-97,2025-26,52.9,61.9,16,24,9,13.4,15.4,21,7,9.8,13.1,18,5.5,8.8,11,12,4,8,10.7,11,3,5.4,6,7
USC00040029,ADIN RS,CA,41.1933,-120.9444,4202,30,1996-97,2025-26,43.5,40.8,25,31.8,10,14,16.1,21,7,10,10.3,15,5,7.2,8.1,12,4,5,5,7,2,3,3.1,5
USC00040741,BIG BEAR LAKE,CA,34.2431,-116.9169,6753,25,1996-97,2025-26,43.6,48.4,12,17,7,10.2,11,12,6,8.2,9,10,5,7,7.6,9,4,6,6.6,8,2,4,5,7
USC00040931,BOCA,CA,39.3886,-120.0936,5575,26,1996-97,2025-26,96.2,104,28.5,42,14.5,19,21,26,10,15,16.5,20,8,11,13.5,17,7,9,10.5,15,5,7,7,10
USC00041614,CEDARVILLE,CA,41.53,-120.1792,4688,27,1996-97,2025-26,17.9,22.1,9,22.2,7,9,14.4,21,2,7.6,10.6,16,2,5.8,7,10,1,3.8,4.8,7,1,1,2.4,3
USC00041697,CHERRY VALLEY DAM,CA,37.9747,-119.9161,4765,24,1997-98,2025-26,106.2,114.2,25,31.4,12.5,16.4,20.1,22,10.5,14.4,16.7,20,9,13,14,17,7,11,11.7,15,6,8,9.7,12
USC00042500,DOWNIEVILLE,CA,39.5633,-120.8239,2915,24,1996-97,2024-25,23.2,28.7,9,13.4,4,7.4,10.7,13,4,6,8.4,10,2.5,5.4,6,9,2,4.4,5,7,1,2.4,3,4
USC00043573,GRASS VALLEY #2,CA,39.2042,-121.0681,2400,24,1996-97,2025-26,5,6.8,3,5,2,3,3,3,1.5,2,2,3,1,2,2,3,0,2,2,2,0,0.4,1,2
USC00043939,HETCH HETCHY,CA,37.9614,-119.7831,3870,25,1996-97,2024-25,46.9,50.8,13,18.2,8,11,13,15,6,9.2,10.6,12,5,7,8,11,5,6,7,10,4,4.2,5,6
USC00044881,LEE VINING,CA,37.9567,-119.1194,6797,27,1996-97,2025-26,64.3,74.3,24,31.6,12,14,16,21,9,11,12.4,18,6,8.8,10,12,5,8,9,12,3,5,6,11
USC00046136,NEVADA CITY,CA,39.2467,-121.0008,2781,28,1996-97,2024-25,10.6,16.5,6.5,13.6,3,4,5.3,8,2,3,4,5,1,2.6,3,5,1,2,3,3,1,2,2,3
USC00046946,PIT RVR PH 5,CA,40.9869,-121.9772,1458,25,1996-97,2024-25,7,14.4,4,6.2,2,4,5.6,6,2,3,3.6,4,1,3,3,4,1,2,2,4,0,1,1,4
USC00047085,PORTOLA,CA,39.8053,-120.4719,4850,25,1996-97,2025-26,52,54.5,15,20.8,9,12.4,15.6,23,7,9.4,11.6,19,4,8.2,10.8,16,3,7,8.6,12,2,4.2,7,11
USC00048758,TAHOE CITY,CA,39.1678,-120.1428,6230,30,1996-97,2025-26,169.6,174.1,35.5,49.2,19,22.2,23.1,30,14,19,19.1,24,12,16,17.1,23,10,15,16,18,8,11,12,13
USC00049026,TRINITY RVR HATCHERY,CA,40.7264,-122.7947,1861,30,1996-97,2025-26,6.1,7.5,4,6.2,2,3,4.1,7,1,2,2.1,4,1,1,2,3,0,1,1.1,3,0,1,1,1
USC00049866,YREKA,CA,41.7025,-122.6417,2712,26,1996-97,2025-26,11.6,12.4,7,10,3,5,5,6,2,3,3,4,1,2,2.5,4,1,2,2,3,0,1,1.5,2
USC00050109,AKRON 4 E,CO,40.155,-103.1417,4542,28,1996-97,2025-26,33.5,33.9,20,29.6,9.5,13,14.6,20,6,7,10,11,3,5,5.6,8,3,3,5,6,1,2,3,5
USW00023061,ALAMOSA-BERGMAN FLD,CO,37.4394,-105.8617,7537,30,1996-97,2025-26,24.7,26.8,22.5,25.4,8.5,10.2,12,14,4.5,7,7,9,3,4,5,7,1,3,3.1,6,0,2,2,3
USC00050263,ANTERO RSVR,CO,38.9931,-105.8914,8939,28,1996-97,2024-25,49.6,49.6,22,24,15,19,20,22,10,12.6,15.3,18,7,10,11,15,5,7,8,10,2,4,5,5
USC00050372,ASPEN 1SW,CO,39.1853,-106.8381,8175,30,1996-97,2025-26,159.6,169.4,67,79.6,29.5,32.2,37.1,38,23.5,28.2,30.1,33,19.5,23,24.1,29,16,19,20.1,24,10,11.2,14.2,17
USC00050848,BOULDER,CO,39.9928,-105.2669,5489,29,1996-97,2025-26,88.7,91.5,35,41.4,15,18.8,21,22,12,15.4,16,19,10,13,13,16,9,11,11.2,14,5,7,8,10
USC00050909,BRECKENRIDGE,CO,39.4864,-106.0431,9599,30,1996-97,2025-26,180.4,179.5,80.5,87.2,33.5,36.2,38.1,46,26,28.2,29.2,35,20,22,23.4,27,16,17.2,19.2,25,9,12.2,14,15
USC00050950,BRIGHTON 3 SE,CO,39.9428,-104.835,5025,30,1996-97,2025-26,31.2,32.6,21,25,10,13,13,14,6,8,8.2,11,4,6,7,8,2,4,4.1,7,0,2,2.1,3
USC00051060,BUCKHORN MTN 1E,CO,40.6142,-105.2953,7402,28,1996-97,2024-25,157.3,156.2,46.5,52.6,20,24.6,25,27,18,20,21,24,14,17.6,18,20,11,14,14,16,9,10,10.3,13
USC00051071,BUENA VISTA 2S,CO,38.8247,-106.1275,7954,29,1996-97,2025-26,51.7,49.2,33,39.4,12,15.4,17.2,23,8,11,12.2,15,6,8.4,10,13,4,6,6,7,2,3.4,4.2,6
USC00051121,BURLINGTON,CO,39.3061,-102.2608,4162,29,1996-97,2025-26,31.5,31.8,17,25.4,9,11,11,13,6,7,8,9,3,4.4,6,7,2,4,5,6,1,2,3,5
USC00051179,BYERS 5 ENE,CO,39.7406,-104.1275,5101,26,1996-97,2025-26,38.5,39.4,20,24,12,15,15.5,19,9,10,11,13,5,8,8.5,9,3,5,6.5,8,1,2,3,5
USC00051186,CABIN CREEK,CO,39.6553,-105.7089,10021,25,1996-97,2025-26,163.5,157.9,64,72.2,27,31.2,32.6,37,21,24.4,26,27,16,20,23.2,24,14,16.2,18.6,21,8,11,11.6,15
USC00051268,CAMPO 7 S,CO,37.0103,-102.5536,4105,28,1996-97,2025-26,18.7,22.7,9,12.2,7,8.6,10.3,13,4,5,5.3,10,2,4,4.3,7,1.5,3,4,5,1,2.6,3,3
USC00051294,CANON CITY,CO,38.46,-105.2256,5378,29,1996-97,2025-26,39.8,39.1,20,26,11,13,14.2,15,7,10,11,13,5,7,7.2,11,3,4.4,6,8,1,2,3,4
USC00051401,CASTLE ROCK,CO,39.3864,-104.8636,6156,28,1996-97,2024-25,51.6,54,24.5,29.2,14,16.6,17,19,10,13,13.3,15,6,8,10.3,13,4,6,7.3,10,2,4,4.3,6
USC00051528,CHEESMAN,CO,39.2203,-105.2783,6875,28,1998-99,2025-26,55.7,58.2,26.5,31,16.5,19.6,22.3,26,11,14.6,16.3,19,7.5,10,11.3,13,5,7.6,9.3,13,2,4,5.3,7
USC00051539,CHERAW 1 N,CO,38.115,-103.51,4147,26,1996-97,2025-26,10.4,12.8,5.5,10,3.5,7,8,11,2,5,5.5,8,1,3,4.5,7,1,2,3,4,0,1,1,2
USC00051609,CIMARRON,CO,38.4433,-107.5569,6890,26,1996-97,2025-26,66.3,69,30.5,40,16,20,22,28,12.5,16,17,19,9.5,12,13.5,14,7,9,11,12,4,5,5,6
USC00051660,CLIMAX,CO,39.3672,-106.1897,11345,30,1996-97,2025-26,273.6,282.7,98,112,35,42.2,44.1,46,32,36.2,38.1,40,26.5,31,33,35,23,26.2,29,32,16,19.2,20,22
USC00051713,COCHETOPA CREEK,CO,38.4431,-106.7617,8006,30,1996-97,2025-26,51.8,53.6,43.5,56.2,16.5,18.2,20.1,28,9.5,11,13.2,16,5.5,8,8,9,3,5,6,7,2,2,3,4
USW00093037,COLORADO SPRINGS MUNI AP,CO,38.8094,-104.6886,6182,29,1997-98,2025-26,33.4,34.5,26,33,10,12,13,15,6,8.4,10.2,11,3,5,8,9,2,3,4.2,8,1,2,3,3
USC00051959,CRESTED BUTTE,CO,38.8739,-106.9772,8868,29,1996-97,2025-26,190,182.9,67,73.4,28,32.4,34,37,21,25,29,33,17,21,21.4,26,15,17,19.2,20,11,12,13.4,16
USC00051964,CRESTONE 2 SE,CO,37.9806,-105.6897,8003,29,1996-97,2025-26,54.8,57.1,40,45.8,13,15,16.2,19,9,10.4,11,14,6,9,9.2,10,5,7,7,9,2,4,4.2,7
USC00052184,DEL NORTE 3ENE,CO,37.6911,-106.3078,7846,30,1996-97,2025-26,37.7,37.2,22,26,9,12,13,16,6,8,9.1,12,4.5,6,8,9,3,5,5.1,7,1,3,4,5
USW00023062,DENVER-STAPLETON,CO,39.7633,-104.8694,5286,30,1996-97,2025-26,44.2,46.1,27.5,35,12,14,16.1,20,8,10,10.1,12,5,7,8,8,3,5,6,7,1,3,3.1,4
USC00052281,DILLON 1 E,CO,39.6244,-106.0336,9081,29,1996-97,2025-26,110.3,113,61,69.2,31,35,37,43,21,24,27.6,30,14,17,18.2,21,9,13,14.2,17,5,8,9,9
USC00052446,EADS,CO,38.4758,-102.7769,4212,24,1997-98,2025-26,12.3,11.9,8,12,3.5,6,7,10,2,3,4,8,1,2.4,3,4,1,1.4,2,3,0,1,1,1
USC00052494,EASTONVILLE 2 NNW,CO,39.1092,-104.5997,7210,28,1996-97,2025-26,104.2,107.7,43.5,51.4,21,24,24,27,15.5,19,20.3,23,12,14,16.3,19,8,11,12.3,15,4,7.6,8,8
USC00052790,EVERGREEN,CO,39.6381,-105.315,7002,30,1996-97,2025-26,85.5,83.3,35,41,18,21,23,27,13,16,18.1,20,10.5,12,13.1,15,8,9.2,10.1,12,3.5,5.2,6,8
USC00053116,FRASER,CO,39.9456,-105.8139,8563,25,1996-97,2025-26,119.3,121.8,55,61,26,27.4,33.2,36,18,22.2,25.4,32,14,18,20.8,25,10,13,16,21,6,8.2,10.2,13
USC00053005,FT COLLINS,CO,40.5764,-105.0858,5004,30,1996-97,2025-26,46,48.9,26,31.2,11,13,14,16,8,10.2,12,14,6,7,9,10,4,5.2,6,9,2,3,3.1,6
USC00053016,FT LEWIS,CO,37.2308,-108.0514,7614,28,1996-97,2025-26,72.4,75.4,19.5,22.6,13,16,16.3,20,11,14.6,15,19,8.5,12,13,16,7,8.6,10.3,14,5,5.6,7.6,11
USC00053246,GATEWAY 1ENE,CO,38.6878,-108.9608,4671,29,1996-97,2025-26,11.2,11.4,9,12.4,4,5.4,6,9,2,3,3,5,1,2,3,3,1,2,2,2,0,1,1,2
USC00053261,GEORGETOWN,CO,39.7053,-105.6997,8520,29,1996-97,2025-26,98.5,100.1,59,65.8,21,24.4,27.2,32,15,18,18.6,23,11,12,15.2,18,8,10,10.4,15,4,6.4,7,10
USW00023066,GRAND JUNCTION WALKER FLD,CO,39.1344,-108.5408,4824,30,1996-97,2025-26,16.6,16.8,15.5,22.2,6,7,7,11,3,4,5,5,2,2.2,3.1,4,1,2,2,3,0,1,1,2
USC00053496,GRAND LAKE 1 NW,CO,40.2669,-105.8322,8721,30,1996-97,2025-26,144.2,144.9,69.5,75,26,29.2,32,36,20.5,23.2,24.1,26,15,19,21,24,11,15.2,17.1,19,7,10,10.1,16
USC00053530,GRANT,CO,39.4608,-105.6786,8703,27,1998-99,2025-26,75.5,79.5,45,49,19,23.8,26,28,14,17,19.2,22,10,12,13.4,18,8,9.8,10.4,14,4,5,6.8,9
USC00053541,GREAT SAND DUNES NP & PRESERVE,CO,37.7333,-105.5119,8183,26,1996-97,2025-26,46.1,45.9,29.5,35,12.5,14,16,20,8,10,13,15,5,8,8,10,4,5,6,7,2,3,3,5
USC00053553,GREELEY UNC,CO,40.4022,-104.6992,4765,30,1996-97,2025-26,33.6,32,16,22,9,11.2,12.2,17,6,8.2,9,14,4,5,6.1,10,3,4,5,6,1,2,3,5
USC00053629,GROSS RSVR,CO,39.9364,-105.3503,6885,30,1996-97,2025-26,92.1,95.1,27,33.6,18.5,21.2,25,28,15,17,18,20,11,14,15,16,10,11,12,14,5,7,9,10
USC00053662,GUNNISON 3SW,CO,38.5253,-106.9672,7622,24,1996-97,2025-26,42,42.1,29.5,49,13.5,17,20.1,22,6.5,8.4,9,11,4,5,6,9,2,4.4,5,6,1.5,2,2.7,4
USC00053867,HAYDEN,CO,40.4925,-107.2547,6467,28,1996-97,2025-26,109.5,114.6,54.5,62,25,28.6,31.3,35,19,22,24,27,14,16.6,21,23,11,12,15.9,20,5,7,9,13
USC00053951,HERMIT 8 SE,CO,37.7494,-107.095,8950,24,1997-98,2025-26,59.9,57.8,29.5,34.4,14,18,20,22,10,12,13,14,7,9,10.4,12,4.5,7,7.7,11,3,4,5,7
USC00054076,HOLLY,CO,38.0517,-102.1317,3401,26,1996-97,2025-26,16.2,19,8.5,11,5.5,7,9,12,3,5,5.5,7,2,4,4.5,6,1,3,4,5,1,2,3,3
USC00054082,HOLYOKE,CO,40.5453,-102.3411,3780,28,1996-97,2025-26,26.2,26.5,20.5,26,9,11,12,14,5,7,8,10,3,4,5,7,2,3,3.3,5,1,1,1,3
USC00054388,JOHN MARTIN DAM,CO,38.0633,-102.93,3811,28,1996-97,2024-25,7.3,7.7,5,7.6,2,4,5,8,1,2,3,5,1,1,2,4,0,1,1,3,0,1,1,1
USC00054444,KARVAL,CO,38.7331,-103.535,5111,28,1996-97,2025-26,19.6,19.9,12,15.2,7,9,10,14,4,6,7,10,2,3,5,6,1,2.6,3,3,0,1,1.3,3
USC00054452,KASSLER,CO,39.4903,-105.0953,5498,29,1996-97,2025-26,60.1,63.5,23,28,14,18.4,21,24,11,14,15,19,8,12,12,15,6,9,10,10,3,4.4,5,7
USC00054546,KIM 10SSE,CO,37.115,-103.2986,5257,30,1996-97,2025-26,23.1,25.7,12,14.4,7,9.2,11,13,5,6,7,10,3.5,5,6,9,2,4,4,6,1,2,2,3
USC00054724,LA JUNTA,CO,37.9822,-103.5439,4089,27,1996-97,2025-26,29,32.3,15,19.8,8,10,10.4,13,5,8,8.4,10,4,5,6.4,8,2,4,5.4,7,1,2,4,5
USC00054742,LAKE GEORGE 8 SW,CO,38.9069,-105.4719,8481,29,1996-97,2025-26,52.6,48.8,25,29,17,18.8,21,22,10,12.4,15,15,7,8,9,12,5,6,7,8,2,3,4,5
USC00054762,LAKEWOOD,CO,39.7489,-105.1206,5628,28,1996-97,2024-25,56,57.9,24,29,14,15.6,16.3,19,10,13,13.3,15,7.5,10.6,11,12,5,7.6,8.3,10,2,5,6,7
USC00054770,LAMAR,CO,38.0936,-102.6306,3627,27,1996-97,2025-26,23.5,26.8,10,12.8,7,8.8,9.4,12,4,6.8,8.4,10,4,5.8,6.4,9,3,4,5,6,1,2,2.4,4
USC00054834,LAS ANIMAS,CO,38.0636,-103.2153,3890,27,1996-97,2025-26,17.3,18.2,9,11,5,7,7,8,3,4.8,5,7,2,3,4,5,1,2,4,4,1,1,2,2
USC00054934,LEMON DAM,CO,37.3789,-107.6594,8110,26,1996-97,2025-26,121.5,129.4,43,50,17,21,22.5,27,14,18,19.5,24,10.5,15,17.5,22,9,14,14.5,20,6,11,12,15
USC00054945,LEROY 5 WSW,CO,40.5147,-102.9908,4461,30,1996-97,2025-26,32.9,33.7,19.5,28,10,13,14.3,20,6,7.6,11.1,15,3.5,5,6.2,13,2,4,5,10,1,2,3.1,4
USC00055020,LIMON ATWATER RCH,CO,38.9497,-103.7694,5572,25,2000-01,2025-26,19.1,23.4,16,19.2,8,11.2,13,14,4,6,7.2,9,2,4,4.6,5,1,2,2.6,3,0,1,1,2
USC00055236,LOVELAND 2N,CO,40.4347,-105.085,5033,27,1996-97,2025-26,47.5,50.2,23,29,12,14,15,18,8,10,11.8,13,6,7.8,9,11,4,6,7,8,2,4.8,5,6
USC00055327,MANCOS 1SW,CO,37.335,-108.3161,6897,25,1997-98,2025-26,53,57.3,23,29,14,17.2,19.2,23,10,12.2,13.6,18,6,9,9.6,16,5,7,8,14,3,4.2,5,7
USC00055402,MARSTON FLTR PLT,CO,39.6364,-105.0647,5520,29,1996-97,2025-26,38.1,40.5,20,24,10,15,16,16,8,10.4,12,13,5,7,8,10,3,5,5.2,7,2,2,3,4
USC00055446,MAYBELL,CO,40.5156,-108.0944,5946,29,1996-97,2025-26,53.8,54.4,26,30,15,18,19.2,27,10,13,13.4,16,7,7.4,11.2,12,5,6.4,7.2,12,2,3.4,4,6
USC00055531,MESA VERDE NP,CO,37.1997,-108.4892,7142,26,1996-97,2025-26,58.7,60.7,26,33,13,18,19.5,21,10,12,13.5,17,7,9,11,14,5.5,8,8.5,12,3,5,5,10
USC00055706,MONTE VISTA 2W,CO,37.5811,-106.1867,7695,27,1996-97,2025-26,33.3,31.8,18,22.8,9,11,13.4,15,6,7,8,9,4,5,6,7,3,4,4,5,1,3,3,3
USC00055722,MONTROSE #2,CO,38.4858,-107.8792,5789,28,1996-97,2025-26,21.5,21,13.5,18,7,10.6,12,13,3.5,6,6.3,9,2,4,4,5,1,2,3,4,0.5,1,2,3
USC00055934,NEW RAYMER 21 N,CO,40.9319,-103.8678,5180,27,1996-97,2025-26,39.1,41.5,26,31,11,14,14.4,24,7,10.8,11,12,4,7.8,8,10,3,5,6,8,1,2.8,3,4
USC00055984,NORTHGLENN,CO,39.8989,-105.0136,5370,28,1996-97,2025-26,45.6,46,25,28.6,12,14,15.3,19,8,11,11,13,5.5,7,8,9,3,5,6,7,1,4,4,5
USW00093058,PUEBLO MEM AP,CO,38.2886,-104.5058,4674,30,1996-97,2025-26,25.4,25.6,20,25.2,8,9,10.1,12,5,7,7,8,3,4.2,5,6,2,3,4,5,0,1,2,2
USC00056765,PUEBLO RSVR,CO,38.2597,-104.7178,4861,25,1997-98,2025-26,15.1,16.3,8,14.2,5,8,10.2,13,3,4,7,9,2,3.2,4,6,1,2.2,3,4,0,1,1,2
USC00056816,RALSTON RSVR,CO,39.8283,-105.235,5919,29,1996-97,2025-26,63.5,62.8,24,28,16,19,20.2,22,13,14,15,16,9,11,11.2,12,6,7,8.2,11,3,4,5,6
USC00056832,RANGELY 1E,CO,40.0889,-108.7728,5277,30,1996-97,2025-26,26,29.9,17,20.2,9.5,13,14.1,17,5,8.2,10.1,12,4,5,7.1,10,2,4,5,5,1,2,2.1,3
USC00057167,ROCKY FORD 2 SE,CO,38.0383,-103.6947,4170,27,1996-97,2025-26,21.9,25.5,12,15.8,8,9.8,10,11,5,7.8,8,9,3,5,5,6,2,3,4,5,0,1.8,2,3
USC00057296,RUSTIC 9WSW,CO,40.7008,-105.7119,7697,27,1996-97,2024-25,75.5,75.3,30,37.8,18,22,24.4,25,13,14,16,19,8,10,11,12,6,8,8.4,10,4,5,5,6
USC00057309,RUXTON PARK,CO,38.8417,-104.9742,9060,24,1996-97,2025-26,116.8,119.7,38,45.4,23,27,27,31,18.5,20.8,22,24,13.5,18,19,20,11,14.4,15.7,16,6.5,9.4,10,13
USC00057460,SARGENTS,CO,38.4036,-106.4239,8472,26,1996-97,2025-26,105.2,103,38.5,44,24,30,32,34,18,21,23.5,25,13,15,16.5,19,9.5,12,12.5,16,6,7,8,10
USC00057510,SEDALIA 4 SSE,CO,39.3858,-104.945,6009,25,1996-97,2025-26,73,72.3,21,24,16,19.4,21.6,25,14,16.2,18.6,20,10,13.2,16,19,8,10,12,13,4,6,7,9
USC00057515,SEDGWICK 5 S,CO,40.8656,-102.5161,3996,29,1996-97,2025-26,26.5,29.3,17,23.4,10,12,13,15,5,7,8,12,4,4.4,6.2,7,3,4,4.2,6,1,2,2,4
USC00058022,STRONTIA SPRINGS DAM,CO,39.4342,-105.1211,5855,30,1996-97,2025-26,86.4,85.9,24.5,29.2,17,19,21.1,26,13,17,17.1,21,10,14,15.1,16,8.5,11,12.1,14,6,8.2,9,10
USC00058157,TACONY 13 SE,CO,38.3419,-104.0567,4881,28,1996-97,2025-26,19.2,19.5,10.5,14,7,10,11,14,4,5.6,6.3,9,2,3.6,4,7,1,2,3,4,0,1,1,2
USC00058204,TELLURIDE 4WNW,CO,37.9492,-107.8736,8646,25,1996-97,2025-26,99.6,105.3,47,55,23,26.4,29.2,37,18,21,22.6,32,13,18.2,19.6,22,9,12,14,17,6,9,9,13
USC00058429,TRINIDAD,CO,37.1786,-104.4869,6030,27,1996-97,2025-26,50.5,51.5,17,21.6,11,14,15,18,8,11,12,17,7,8,10.4,14,5,6.8,9,12,3,4,4.8,8
USC00058436,TRINIDAD LAKE,CO,37.1503,-104.5567,6310,28,1996-97,2025-26,49.6,45,16,22.6,11,15,18,21,8,11.6,14.3,18,6,9.6,12,13,4,8,9.3,12,3,4.6,5,7
USC00058582,VALLECITO DAM,CO,37.3806,-107.5811,7644,28,1998-99,2025-26,78.8,84.7,30.5,37,14,17,17.3,22,10,13.6,14,19,9,11,11.6,17,6,9,9.3,14,4,6,7.3,11
USC00058690,VIRGINIA DALE 7 ENE,CO,40.9653,-105.2186,7024,30,1996-97,2025-26,87.4,88.4,44.5,53.6,17,21,21.1,26,13,15,16,20,9,11.2,14,14,7,9,10.1,12,4,6,7,10
USC00058756,WALDEN,CO,40.7403,-106.2817,8058,29,1996-97,2025-26,76.7,70.2,55,65.4,18,22,23.2,26,11,15,15.2,16,7,10,11,13,5,7,8.2,11,3,4,4,7
USC00058781,WALSENBURG 1 NW,CO,37.63,-104.7956,6291,29,1996-97,2025-26,80.1,82.8,29,36,16,19,20.2,23,12,15,18,20,9,13,14,17,7,10.4,11,17,4,6.4,8,12
USC00058793,WALSH 1 W,CO,37.3822,-102.2986,3978,27,1996-97,2025-26,20.8,21.4,12,15.8,6,8,9,11,5,5.8,6,6,2,3.8,4.4,5,2,3,3,4,1,1,2,3
USC00058839,WATERDALE,CO,40.4258,-105.2086,5230,28,1996-97,2024-25,42,42.3,17,23.6,10,13.6,16,17,7,10,11,12,6,7.6,8.3,10,4,6,6,7,2,4,4,5
USC00058931,WESTCLIFFE,CO,38.1314,-105.4661,7873,28,1996-97,2025-26,81.6,80,28.5,34.2,16,18,19,21,11,14,15,17,9,12,13,14,7,10,10.3,12,4,6,6.3,8
USC00058995,WHEAT RIDGE 2,CO,39.7739,-105.1142,5395,29,1996-97,2025-26,72.6,73.8,37,43.4,15,18,19,22,12,13,14,15,9,10.4,11,13,7,9,9,10,4,6,6,8
USC00059096,WILLIAMS FK DAM,CO,40.0372,-106.2053,7639,30,1996-97,2025-26,80.4,81.7,45.5,55,27,29,31.1,38,14,20.2,22,29,10,13.2,15.1,20,6,10,11.1,14,3,5,5.1,8
USC00059175,WINTER PARK,CO,39.8878,-105.7614,9123,30,1996-97,2025-26,225,209.1,74,80.2,36.5,40.2,44,46,30,34,35.1,41,23.5,27.2,29.1,36,19.5,23.2,24,27,13.5,16,16.1,20
USC00059213,WOODROW 6NNE,CO,40.075,-103.5678,4380,30,1996-97,2025-26,29.6,31.4,20,27,9,12,13.1,17,5,7.2,8.1,13,4,5,6,8,2,3.2,4.1,6,1,2,3,3
USC00059297,YUMA 10 NW,CO,40.2097,-102.812,4192,28,1996-97,2024-25,23.2,25.3,14,19,7,8,9.3,12,5,6,7.3,8,3,4,5,6,1.5,2.6,4,5,1,1,2,2
USC00060227,BAKERSVILLE,CT,41.8417,-73.0086,686,26,1996-97,2025-26,54.8,54.8,30.5,36,10.5,14,16,17,7.5,11,11.5,13,5.5,8,9.5,12,5,6,7,11,3,4,5,8
USC00060299,BARKHAMSTED,CT,41.9211,-72.9636,710,27,1996-97,2025-26,41.2,45,16,20.8,11,14.8,15,16,8,10,12,14,6,8,8.4,11,5,6.8,7.4,10,2,4,4,6
USC00060973,BURLINGTON,CT,41.7944,-72.9319,505,24,1997-98,2025-26,38.1,38.5,15,19,10.5,14,14,17,7,8.8,11,13,5,7,8,11,4,5.4,7,8,2,3.4,4,6
USW00014740,HARTFORD-BRADLEY INTL AP,CT,41.9375,-72.6819,169,25,1996-97,2025-26,45.6,45.1,20,24.8,9,11,11.6,16,6,8.2,9,12,4,7,8,10,4,6,6,7,2,4,4,5
USW00094702,IGOR I SIKORSKY MEM AP,CT,41.1642,-73.1267,6,28,1996-97,2025-26,31.4,33.7,12,18.6,7,9.6,11.6,16,4.5,8.6,9,12,3.5,7,7,10,2.5,5,6,7,2,3,3.3,4
USC00065445,NORFOLK 2 SW,CT,41.9725,-73.2208,1340,29,1996-97,2025-26,75.1,70.8,38,44.8,15,16.4,18,21,10,11.4,13.4,16,7,9.4,11,14,6,8,10,11,4,5,5.2,6
USC00069388,W THOMPSON LAKE,CT,41.9442,-71.9031,360,26,1996-97,2025-26,35,35.8,12,16,8.5,12,13.5,15,6,8,11,14,4,6,7,10,4,5,6,8,2,3,3,4
USW00013781,WILMINGTON NEW CASTLE CO AP,DE,39.6744,-75.6056,74,30,1996-97,2025-26,15,18.6,10,15,4,6,7,12,3,4,6,9,2,3,4,5,1,3,3,5,0,1.2,2.1,3
USC00130149,ALLERTON,IA,40.7039,-93.3703,1090,26,1997-98,2025-26,21.9,26.3,12,18,6,8,10,11,4,7,8,9,3,5,6.5,8,2,3,5,6,1,2,3,4
USC00130157,ALLISON,IA,42.7536,-92.8022,1038,30,1996-97,2025-26,37,38.2,18,21.2,11,14.2,16.1,26,8,10,12,18,5,6.2,7.1,12,3,5.2,6,7,2,3,4,5
USC00130203,AMES 5 SE,IA,41.9519,-93.5656,870,24,1997-98,2025-26,29.7,29.7,15,20.4,9,11,12,13,5,7.4,9,9,4,6,6.7,8,3,4.4,5,5,1,2.4,3,4
USC00130200,AMES 8 WSW,IA,42.0208,-93.7742,1110,25,1996-97,2025-26,31.3,31.3,16,22,9,12,12.6,14,5,8,9,10,4,6,6,7,2,4,4.6,6,1,2,3,5
USC00130364,ATLANTIC 1 NE,IA,41.4175,-95.0042,1152,25,1996-97,2025-26,25.6,28.7,19,24.4,8,10,10.6,11,5,6.2,7.6,9,3,5.2,6,6,2,4,4,6,1,2,3,5
USC00130600,BELLE PLAINE,IA,41.8814,-92.2764,769,29,1996-97,2025-26,25.3,27.1,13,20.2,7,11,11.2,15,5,7,8.2,11,3,5,6,7,2,4,5,5,1,2,2,3
USC00130608,BELLEVUE L/D 12,IA,42.2611,-90.423,603,28,1996-97,2024-25,28.3,30.3,13,18.6,7.5,11,13.3,19,5,8.2,10.3,12,4,6,7.3,11,3,4,4.3,6,1,2.6,3,5
USC00130807,BOONE,IA,42.0417,-93.8908,1035,27,1996-97,2025-26,35.3,35.1,21,27.6,9,11,12.4,16,6,7,8.4,10,4,5.8,6,9,3,4,5,6,1,2,3,5
USC00130933,BROOKLYN,IA,41.7394,-92.44,886,24,1996-97,2025-26,30.6,29.9,15,21.4,9,11.4,13,15,6,7,9,11,3.5,5,6,6,2,3.4,4,5,1,2,2,2
USC00131060,BURLINGTON 2S,IA,40.7747,-91.1164,692,24,1996-97,2024-25,23.9,23.1,11,15,6,8.4,10,12,5,6.4,8,9,3,4.4,5,8,2,4,4,4,1,2,2,3
USC00131233,CARROLL,IA,42.065,-94.85,1240,26,1996-97,2025-26,29.9,30.7,16.5,22,8,11,11.5,14,6,7,8,9,4,5,5,7,2,4,4,5,1,2,3,4
USC00131319,CEDAR RAPIDS #1,IA,42.0497,-91.5881,813,30,1996-97,2025-26,32.4,32.9,22,29.4,8,12,12.2,18,6,9,9.1,12,5,6,6.1,9,2.5,4.2,5,6,1,2,2,3
USC00131402,CHARLES CITY,IA,43.0603,-92.6717,993,30,1996-97,2025-26,34.7,35,23,32.2,9.5,13.2,14.1,19,6,8.2,10.1,12,4.5,6.2,7,9,3,4,5.1,6,1,2,3,5
USC00131442,CHEROKEE,IA,42.7572,-95.5378,1210,28,1996-97,2025-26,32.2,33,17.5,23.6,10,11.6,12.3,16,6,8,9,13,4,5,6,8,3,4.6,5,7,1,2,3,5
USC00131533,CLARINDA,IA,40.7242,-95.0192,982,30,1996-97,2025-26,19.6,22.3,10,16.2,6.5,9,10,13,4,6,7.1,10,2.5,5,6,8,2,4,5,6,1,2,2,4
USC00131635,CLINTON #1,IA,41.795,-90.2642,594,29,1996-97,2025-26,29.7,30,21,27.4,8,11,12.4,15,5,7,9,12,3,6,7,8,2,3,4,6,1,2,2,2
USC00132110,DECORAH,IA,43.3042,-91.7953,860,29,1996-97,2025-26,32.9,35.3,20,26,9,13.4,14.2,18,6,9,10.2,13,5,7.4,8,8,3,5,5,7,1,2,3,4
USC00132171,DENISON,IA,42.0364,-95.3289,1401,29,1996-97,2024-25,33,32.8,18,22.4,10,12,12.2,15,6,8,8,9,4,5.4,6,7,3,4,5,5,1,2.4,3,4
USW00014933,DES MOINES INTL AP,IA,41.5339,-93.6531,939,30,1996-97,2025-26,35.2,37,23.5,33.2,9,11,12.1,16,6,7.2,9.1,11,4,6,7,8,3,5,6,8,1,3,3,6
USC00132209,DES MOINES WSFO-JOHNSTON,IA,41.7367,-93.7236,959,29,1996-97,2025-26,36,36.8,25,30.4,9,11,12.2,15,6,8,9,10,4,6,6.2,8,3,4,5,7,1,2.4,3.2,5
USC00132235,DEWITT,IA,41.8108,-90.5406,685,27,1996-97,2025-26,28.5,27.8,12,15.8,7,11,13.4,14,6,7.8,9,11,4,5,6,8,3,4,4.4,7,1,2,2,3
USC00132299,DONNELLSON,IA,40.6458,-91.5639,705,28,1996-97,2025-26,26.9,26.6,14,21,7.5,9.6,11,13,5,7.6,9,10,3,5,7,8,2,3.6,4,6,0.5,2,2,3
USC00132364,DUBUQUE L&D 11,IA,42.54,-90.6461,620,28,1996-97,2025-26,30.1,33.6,14.5,20.6,8,10.6,15.3,20,6,8.6,11.2,16,4,7,8,14,3,5,6,10,1,2,2.3,5
USW00094908,DUBUQUE RGNL AP,IA,42.3983,-90.7092,1040,30,1996-97,2025-26,38,41.8,28.5,34.2,9.5,12,15,23,7,9,11,15,5,6.2,8.1,10,3,5,6,8,2,3,3,4
USC00132603,ELKADER 6 SSW,IA,42.7753,-91.4536,788,29,1996-97,2025-26,34.9,35.9,21,27.4,9,12.4,13.4,17,6,8,10.2,13,4,5.4,7,8,3,4.4,6,8,1,2,4,4
USC00132789,FAIRFIELD,IA,41.0181,-91.9547,748,29,1996-97,2025-26,22.4,23.7,13,16.4,7,9,11.2,15,4,7,7.2,10,3,4,5,8,2,3,3.2,4,1,2,2,2
USC00132864,FAYETTE,IA,42.8825,-91.8303,1145,30,1996-97,2025-26,38,38.8,21.5,27,9,12.2,14.1,17,7,8.2,10.1,12,5,6,8.1,10,4,5,5.1,7,2,2.2,3,5
USC00132999,FT DODGE 5NNW,IA,42.5836,-94.2006,1115,25,1996-97,2025-26,40,40.4,19,26.4,12,15,15,17,8,10,11,12,5,7,7,8,4,5,6,7,2,3,4,5
USC00133007,FT MADISON,IA,40.6222,-91.3336,527,29,1996-97,2025-26,20.1,20.1,11,14.4,6,9,11,14,4,6,7.2,9,2,4,5,6,2,3,3.2,4,0,2,2,2
USC00133487,GRUNDY CTR,IA,42.3647,-92.7594,985,26,1996-97,2025-26,29.6,30,18,23,9,11,13,15,5,9,9.5,11,3.5,5,6.5,9,2,4,4.5,5,1,2,2,3
USC00133517,GUTTENBERG L&D 10,IA,42.7858,-91.0958,618,30,1996-97,2025-26,30.9,32.3,15.5,23,8.5,12.2,13.1,19,6,9,9.2,11,4,7,8,10,3,5,5.1,6,1,2,3,5
USC00133584,HAMPTON,IA,42.7561,-93.2019,1105,28,1996-97,2025-26,35.7,32.9,18,22.6,9,12.6,13.3,21,6.5,7,9,10,4,6,7,9,3,4,5,6,1,2,2,3
USC00134063,INDIANOLA 1SW,IA,41.3506,-93.5733,956,26,1996-97,2025-26,27.7,30.4,14,20,8.5,10,11,12,5,7,7,10,3,5,6,7,3,4,5,6,1,2,3,4
USC00134101,IOWA CITY,IA,41.6092,-91.505,640,28,1996-97,2025-26,23.4,26.2,13.5,18,8,10.6,11.9,17,5,7.6,9,10,3,4.6,6,7,2,3,4,6,1,2,2.3,4
USC00134142,IOWA FALLS,IA,42.5189,-93.2536,1055,27,1996-97,2025-26,28.8,29.3,17,21.8,8,11.6,13,15,6,8,9,10,4,5,5.4,7,2,3,3.4,5,1,2,2,3
USC00134381,KEOKUK L&D 19,IA,40.3969,-91.375,522,24,1996-97,2024-25,9.9,12,6,10,4,5,7,10,3,3.4,4,6,1.5,3,3,4,1,1.4,3,4,0,1,1,3
USC00134557,LAKE MILLS,IA,43.4178,-93.5347,1260,25,1996-97,2024-25,33,35.7,21,23.2,10,12.2,14.2,17,7,9,9.6,12,5,7.2,8,10,3,6,6,8,1,2.2,3,5
USC00134561,LAKE PARK 3SSE,IA,43.4033,-95.3083,1452,26,1996-97,2025-26,37.2,36.1,16,23,11,13,16.5,22,7,9,11,13,5,7,8,9,3,5,5.5,7,1,2,3,4
USC00134735,LE MARS,IA,42.7908,-96.1508,1299,25,1998-99,2025-26,30.1,29.4,15,20,8,10.2,11,14,5,7.2,9,10,4,4.2,6,7,3,3,4,6,1,2,2.6,4
USC00134963,LOWDEN,IA,41.8606,-90.9222,738,28,1996-97,2025-26,45.5,43.7,26.5,33.6,9.5,12,14.3,20,7,9.6,10,12,5.5,7,7.3,9,4,5,5,8,2,3,4,6
USC00135086,MANCHESTER #2,IA,42.4733,-91.4517,924,30,1996-97,2025-26,30.8,33.8,24,29.8,8,11.2,14,17,5.5,8,10,12,4,6.2,7.1,9,3,4,5.2,7,1,2,2.1,4
USC00135123,MAPLETON NO.2,IA,42.1906,-95.7569,1180,27,1996-97,2025-26,25.4,28,13,17.8,9,10,11,12,6,7,8,9,3,5,5,7,2,4,4.4,6,1,2.8,3,4
USC00135198,MARSHALLTOWN,IA,42.0647,-92.9244,870,25,1996-97,2025-26,30,28.5,15,18.2,9,11.2,12,15,5,8,8,9,3,5.2,6,8,2,3.2,4,5,1,2,2,4
USC00135230,MASON CITY,IA,43.1631,-93.1953,1105,30,1996-97,2025-26,31.8,33.5,19.5,25.2,9,14,15.1,17,7,8.2,10.1,13,4.5,7,7,9,3,4.2,5.1,7,1,2,3,4
USW00014940,MASON CITY MUNI AP,IA,43.1544,-93.3261,1188,28,1996-97,2025-26,41,41.5,26.5,31.6,10,12.6,13,21,7,10,10,12,5,7.6,8,9,3,5,5.3,8,1.5,3,3.3,5
USC00135493,MILFORD 4 NW,IA,43.3803,-95.1842,1456,25,1997-98,2025-26,35.6,33.8,14,23.2,9,11,11,16,7,8.2,9,12,5,6,7,9,3,4,5,7,2,3,3,4
USC00135769,MT AYR,IA,40.7053,-94.2428,1140,27,1996-97,2024-25,20.7,21.9,12,14.8,6,8,9,10,4,6,6.8,9,3,4,5.4,6,2,3,4,5,1,2,2,3
USC00135837,MUSCATINE,IA,41.4075,-91.0728,549,28,1996-97,2025-26,25.2,24.1,14,15.6,7,10,11,16,5,6,7.3,8,3,4.6,5,7,2,3,4,4,1,1.6,2,2
USC00135952,NEW HAMPTON,IA,43.0453,-92.3122,1148,28,1996-97,2025-26,36.8,37.4,16,18.6,9.5,13,13,14,7,9.6,10,12,6,8,9,9,4,5,6,7,2,3,3.3,6
USC00136151,OAKLAND,IA,41.3044,-95.3844,1260,28,1996-97,2025-26,20.1,26,17.5,21.6,6,9,9.3,12,3,6.6,8,10,3,5,6,7,1,3.6,4,6,1,2,2.3,5
USC00136305,OSAGE,IA,43.2792,-92.8308,1121,28,1998-99,2025-26,35.6,35.8,19,23.2,11.5,12,13.3,20,7,9,10.3,11,4.5,6,7.3,10,3,5,5,7,1.5,2.6,3,4
USC00136316,OSCEOLA,IA,41.0194,-93.7503,1028,29,1996-97,2025-26,24.5,25.4,12,16.4,7,9,9,13,4,6,7,10,3,5,6,9,2,4,5,6,1,2,2.2,3
USC00136527,PELLA 1S,IA,41.3761,-92.9203,780,29,1996-97,2025-26,24.2,24,15,18.8,7,9,10,14,4,6,7,8,2,5,5.2,7,2,4,4,5,1,1,2,3
USC00136766,POSTVILLE,IA,43.09,-91.5583,1165,27,1996-97,2025-26,32.7,36,17,21,9,11.8,14.8,19,6,9,9.8,14,5,6.8,8,11,3,5.8,6,7,1,2.8,3,5
USC00136800,PRIMGHAR,IA,43.0861,-95.6292,1522,25,1996-97,2025-26,34.8,34.4,16,19.2,10,12.4,14.6,17,7,9,11.2,13,4,6,7.6,11,3,4.2,5.6,8,2,3,3,3
USC00136940,RED OAK,IA,41.0036,-95.2419,1040,25,1996-97,2025-26,21.6,24.2,13,18.2,5,9,10.2,14,4,6.2,8.2,10,3,5,5.6,9,2,3.2,4.6,7,1,2,3,3
USC00137147,ROCK RAPIDS,IA,43.4289,-96.1689,1347,25,1997-98,2025-26,32.4,32.1,15,21,10,12.2,13,17,6,8,9.2,11,5,6,7,9,3,4.2,5,6,1,2.2,3,4
USC00137152,ROCK VALLEY,IA,43.2047,-96.3061,1246,25,1996-97,2025-26,31.4,32.7,16,19.2,10,12.2,13.6,17,6,7.4,9.6,11,4,6,7,8,3,4,5,6,1,2.2,3,5
USC00137161,ROCKWELL CITY,IA,42.3969,-94.6292,1214,27,1997-98,2024-25,31.9,31.8,13,21.8,10,12.8,15.4,18,7,8,9.8,12,5,6,6,9,3,4,5,6,1,2,3,4
USC00137312,SAC CITY,IA,42.4194,-94.9761,1210,28,1997-98,2025-26,28.4,28.9,14.5,20,10,12.6,14.3,18,6,8,9,12,4,5,6,7,2,4,4,6,1,2,2,4
USC00137386,SANBORN,IA,43.1817,-95.6639,1527,28,1996-97,2025-26,37.4,39.5,22.5,29,10,12,15,17,7,9.6,11.3,14,5,7,8,11,4,5.6,6,7,2,3,4,5
USC00137594,SHELDON,IA,43.1803,-95.8531,1433,30,1996-97,2025-26,37.7,38.4,24,32,11,13.2,15.1,17,7,10,11,13,5,6.2,8.1,10,3.5,5,5.1,9,1,2,3,5
USC00137664,SIBLEY,IA,43.4022,-95.7497,1532,26,1997-98,2025-26,37.9,39.3,20,25,11.5,14,15,17,9,10,11,12,5,7,8.5,10,3,5,6,7,1,2,3,5
USC00137678,SIGOURNEY,IA,41.3372,-92.2278,732,26,1996-97,2025-26,26.9,29.2,11.5,18,8,10,12,15,6,8,9,12,4,6,6,7,2,5,5,6,1,2,2,4
USW00014943,SIOUX CITY AP,IA,42.3917,-96.3794,1092,29,1997-98,2025-26,35.1,33.8,22,28.4,9,10.4,12.2,15,5,7,8.2,10,3,5.4,6,7,2,4,4.2,5,1,2,3,4
USC00137700,SIOUX CTR 2 SE,IA,43.0558,-96.1525,1360,28,1996-97,2025-26,30.7,32.4,17,21,11,13,15,17,6,9,11,13,4,6,8,9,3,4,4.3,8,1,2,2.6,5
USC00137726,SIOUX RAPIDS,IA,42.8928,-95.1469,1288,28,1996-97,2025-26,36.5,35.7,24.5,29,10,11,12.3,16,6,8,8.3,12,4,5,6,9,2.5,4,5,6,1.5,2,3,4
USC00137844,SPENCER 1 N,IA,43.1653,-95.1469,1326,30,1996-97,2025-26,41,40.9,21,30.2,10,13.2,14.1,17,7.5,9.2,11.1,14,6,7,8,11,3,5,6,8,1.5,3,4.1,6
USC00137859,SPIRIT LAKE,IA,43.4228,-95.1389,1423,27,1998-99,2025-26,36.9,38.8,14,19.6,11,13.6,16,17,8,9.8,11,14,6,7,7,11,3,5,5.4,8,2,3,4.4,5
USC00137979,STORM LAKE,IA,42.6469,-95.1933,1439,25,1996-97,2025-26,30.6,31.4,15,20.2,9,12,13,15,6,8,8,11,4,6,6.6,11,3,4.2,5,8,1,3,3,3
USC00138296,TOLEDO 3N,IA,42.0356,-92.5806,935,30,1996-97,2025-26,32.5,33.4,16,24.2,9,13,14.3,20,6,9,10,12,4.5,6,7,9,3,4,5,6,2,2.2,3,4
USC00138568,VINTON,IA,42.1464,-92.0125,796,30,1996-97,2025-26,29.8,31.7,16,22,7.5,11.6,15,20,6,9.2,10,14,4,6,7,10,3,5,5,6,1,2,2.1,4
USC00138688,WASHINGTON,IA,41.2825,-91.7078,687,28,1996-97,2025-26,21.6,23,14,19.2,7,10,10.3,15,5,6.6,7,8,3,4,4.3,6,2,3,3.3,5,0,2,2.3,3
USW00094910,WATERLOO MUNI AP,IA,42.5544,-92.4014,867,30,1996-97,2025-26,34.6,37.8,25,30.2,9,12.2,15.1,18,6,8,9.1,11,5,6,7,8,3,5,5,6,1,2,3,5
USC00138806,WEBSTER CITY,IA,42.4686,-93.7975,1072,30,1996-97,2025-26,36.5,33.5,16.5,23,10,12.2,13.2,16,6,8,9.1,11,4,5.2,6,8,3.5,4,5,5,2,3,3,4
USC00139067,WILLIAMSBURG 1E,IA,41.665,-91.9978,780,29,1996-97,2025-26,28.1,27.8,14,20.8,8,11,11.2,15,5,7.4,8.2,9,3,6,6,8,2,3.4,5,7,1,2,2,3
USC00100010,ABERDEEN EXP STN,ID,42.9536,-112.8253,4405,30,1996-97,2025-26,21.4,26.6,18,23.4,9,12,13.1,19,4,7,8.1,10,3,5,6.1,8,2,3,4.1,6,0,2,2,6
USC00100803,BERN,ID,42.3353,-111.3856,5964,30,1996-97,2025-26,91.1,90.9,49,59.4,19,25.4,28.1,31,13,16.2,17.1,23,9,12,13.1,18,7,9,11,14,4,6,7.1,12
USW00024131,BOISE AIR TERMINAL,ID,43.5669,-116.2406,2823,30,1996-97,2025-26,17.4,18.4,18.5,24,4.5,7.2,9.2,14,3,5,6,7,1.5,3,3,4,1,2,2,3,0,1,1,2
USC00101079,BONNERS FERRY,ID,48.6928,-116.3103,2001,25,1996-97,2024-25,50.4,54.1,25,33,12,13,15.6,21,7,11,11,19,5,8,9,15,4,6.2,8.2,12,2,4.2,5,7
USC00101671,CHILLY BARTON FLAT,ID,43.9778,-113.8292,6260,26,1996-97,2025-26,19.1,20.4,16,21,8,10,12,17,4,5,7,8,1.5,4,5,7,1,2,2.5,5,0,1,1,2
USC00102159,COTTONWOOD 2 WSW,ID,46.0336,-116.3919,3945,24,1996-97,2025-26,70.6,65.6,38.5,44,15,17,19.4,25,9,13.4,15,16,7,9,11,13,5,6.4,8.7,10,3,5,7.1,8
USC00102707,DUBOIS EXP STN,ID,44.2436,-112.2003,5450,26,1996-97,2025-26,46.5,46.9,40,51,13.5,17,17,19,8.5,10,11,14,5.5,7,7.5,11,3,5,6,7,1,2,2.5,4
USC00102942,EMMETT 2 E,ID,43.8544,-116.4664,2390,29,1996-97,2025-26,8,8.8,9,11,3,4.4,5.2,10,1,2.4,3,7,1,1.4,2,4,0,1,1.2,3,0,1,1,2
USC00103297,FT HALL 1 NNE,ID,43.0331,-112.4325,4454,26,1996-97,2025-26,25.9,29.3,24,34,12,14,15.5,16,6,8,9,11,3,4,5.5,8,1,3,4,5,0,1,3,3
USC00104456,IDAHO FALLS 16 SE,ID,43.3456,-111.7847,5828,28,1996-97,2025-26,76.1,72.5,37,45.2,19,22,24,32,12,16,19.3,23,8.5,11,12.9,18,7.5,8.6,10.3,12,3,5.6,6,7
USW00094143,IDAHO FALLS 46 W,ID,43.5317,-112.9422,4938,27,1997-98,2025-26,25.4,25.4,22,27.8,10,13,13.4,14,4,7,7.4,11,2,5,5,6,1,3,3.8,5,1,2,2.4,5
USC00105275,LIFTON PUMPING STN,ID,42.1231,-111.3133,5935,27,1997-98,2025-26,36.5,37.6,21,25.8,14,17,18.4,25,8,9,10.8,19,5,6,6.8,13,3,4,4.4,10,2,2,3,6
USC00105708,MCCALL,ID,44.8872,-116.1047,5025,30,1996-97,2025-26,126.6,128.5,52,59.4,22.5,27,30.2,33,18,21,22,26,14,17,17.2,21,11,13,15.1,17,7,10,10,12
USC00106152,MOSCOW U OF I,ID,46.7281,-116.9558,2634,30,1996-97,2025-26,46,50.6,27.5,37.2,12,16.2,17,18,9,12,12.1,16,6,8,9,11,3.5,6,7.1,8,2,4.2,6,6
USC00106542,OAKLEY,ID,42.2339,-113.8925,4559,26,1996-97,2025-26,30.9,27.5,13,19,10,13,15.5,17,6.5,8,9,12,4,5,5.5,8,2,4,4,5,1,2,2.5,3
USC00107040,PICABO,ID,43.3086,-114.0667,4839,24,1996-97,2025-26,43,47.8,19,27.2,12,16,17,18,7.5,11,12,14,5,8.4,9,12,3,7,8.7,10,2,4.4,5,7
USC00107046,PIERCE,ID,46.4922,-115.8006,3080,26,1999-00,2025-26,103.2,106.8,48.5,61,17,20,26.5,28,12,16,18,22,9.5,12,15,19,8,11,11,16,5,8,8,10
USW00024156,POCATELLO RGNL AP,ID,42.9197,-112.5722,4451,30,1996-97,2025-26,35.2,38,36.5,41.4,11,12.2,13.1,16,6,7.4,10,11,4,5,7.1,9,2,4,5,8,1,3,3,6
USC00107386,PRIEST RVR EXP STN,ID,48.3511,-116.8353,2371,29,1996-97,2024-25,64.7,70.3,40,44,14,15.4,19,21,10,13,13,18,7,9.4,11.2,17,6,7.4,9,14,3,5,5.2,10
USC00107673,RICHFIELD,ID,43.0517,-114.155,4309,25,1997-98,2025-26,26.1,30.6,11,18.2,8,13,14.2,18,5,8,9,11,3,6,6,8,3,4,4,7,1,3,3,6
USC00108062,SAINT MARIES,ID,47.3164,-116.5789,2151,24,1996-97,2025-26,45.8,50.2,30,45,8.5,12,14.4,19,5.5,8.4,10.7,15,5,7,7,12,3,6,6,11,2,4,6,8
USC00108080,SALMON-KSRA,ID,45.1731,-113.8856,3953,24,1996-97,2025-26,27.3,24.8,16,19,9.5,11.4,13,16,5.5,7,8,8,3,4,4.7,6,1.5,3,3,4,1,1,2,2
USC00110072,ALEDO,IL,41.2069,-90.7419,734,25,1996-97,2025-26,21.5,22.3,10,15,7,10,10.6,16,4,7,8,10,3,5,6,7,2,4,4,5,1,2,2,2
USC00110146,AMBOY WATER,IL,41.7225,-89.3367,755,24,1996-97,2025-26,28.2,28.7,13,17.4,7.5,11,11.7,17,5.5,8,8.7,15,4,4.4,5,12,2,3,3.7,10,1,2,2,4
USC00110330,AUGUSTA,IL,40.2331,-90.9467,668,29,1996-97,2025-26,24.5,25.3,10,17,7,10.4,11.4,17,5,7.4,8,10,3,5,5.2,7,2,3.4,4,6,1,2,3.2,5
USC00110338,AURORA WATER,IL,41.7803,-88.3092,675,30,1996-97,2025-26,25.6,30.3,18.5,21,7.5,10.2,11.3,18,4.5,8,9,13,3,6,7.1,11,2.5,4,4.1,8,2,2,2.1,6
USC00110356,AVON,IL,40.6633,-90.4447,640,24,1996-97,2025-26,23.4,23.6,12,16,8,10,11,13,5,6,6.7,8,3,4,4.7,5,2,3,4,4,0,1.4,2,3
USC00110442,BARRINGTON 3SW,IL,42.1153,-88.1639,883,28,1996-97,2025-26,34.5,36.2,23.5,29.2,9,11,13.3,16,5.5,8,9.6,12,4,6,8.3,10,3,4.6,5.3,9,1,2,2.3,5
USC00110583,BELVIDERE WWTP,IL,42.255,-88.8639,753,29,1997-98,2025-26,30.5,33.7,20,25.4,8,11,13,16,5,8.4,9,11,4,5,7,10,3,4,4.2,10,1,2,3,5
USC00110803,BOURBONNAIS 3NW,IL,41.1758,-87.9353,658,29,1996-97,2025-26,25.6,26.6,21,29,7,9,11,15,4,6.4,7.2,10,3,4,5.2,9,2,3,4,8,1,1,2,3
USC00118740,CHAMPAIGN 3S,IL,40.0842,-88.2403,722,30,1996-97,2025-26,19.2,20,15.5,19.4,6,7,8,11,3,5,5.1,7,2,3,4,7,1,3,3,4,0,1,1.1,2
USC00111447,CHATSWORTH,IL,40.75,-88.2864,722,28,1996-97,2025-26,21.1,23.8,12,15,7,9.6,10,14,5,6,7,11,3,5,5.3,10,2,3,4,6,0.5,2,2.3,3
USC00111577,CHICAGO MIDWAY AP 3SW,IL,41.7372,-87.7772,620,30,1996-97,2025-26,35.7,38.5,27,33,9,11,12.1,17,5,8,8.1,13,3.5,5.2,6,12,3,4,5.1,10,1,2,2.1,6
USW00094846,CHICAGO OHARE INTL AP,IL,41.9603,-87.9317,672,28,1998-99,2025-26,34.5,38.2,27,32.6,8.5,11.6,13.3,16,5,7.6,9.3,13,3.5,6,6.3,11,3,4,5.3,8,1,2,3,4
USC00111700,CLAY CITY 6SSE,IL,38.6058,-88.3117,460,25,1996-97,2025-26,10,10.8,6,7,3,5,5,9,2,3,4,6,1,2.2,3,4,1,1.2,2,3,0,1,1,1
USC00112223,DE KALB,IL,41.9342,-88.7756,878,29,1996-97,2025-26,33.1,35.1,23,28.4,8,11.4,14.2,16,5,8,10.2,11,4,6.4,7.2,9,3,5,6,8,1,2,3,4
USC00112500,DWIGHT WWTP,IL,41.1067,-88.4108,625,24,1996-97,2025-26,18.8,21.3,9.5,14.2,7,9,9.7,15,4.5,6,6.7,13,2,4,4.7,11,1.5,3,3.7,7,1,2,2,4
USC00112736,ELGIN WATER,IL,42.0628,-88.2861,745,28,1996-97,2025-26,28.6,30.7,20.5,27.2,8,10,11.3,19,5,7.6,9,13,3,5,6,9,2,3,4.3,8,1,2,2,3
USC00113262,FREEPORT WWTP,IL,42.2972,-89.6039,750,27,1996-97,2025-26,29.8,31.7,20,24,9,11,13.8,19,5,8,8.8,12,4,6,8,9,2,4,5,8,1,2,2,4
USW00014842,GENERAL WAYNE A DOWNING INTL A,IL,40.6675,-89.6842,655,29,1997-98,2025-26,25.4,26.6,18,25,7,9.4,10.2,14,5,6,7.2,10,3,4,5.2,8,2,3,3.2,6,1,2,2,4
USC00113384,GENESEO,IL,41.4511,-90.1486,639,27,1996-97,2024-25,27.5,26.6,12,16.8,7,9,10.4,17,5,7,7.4,14,3,5,6.4,9,2,3.8,4.4,6,1,2,2.4,3
USC00113455,GLADSTONE L/D 18,IL,40.8822,-91.0233,538,29,1996-97,2025-26,9,13.3,8,11.4,4,6.4,8.2,14,2,4.4,5,9,2,3,4.2,8,1,2,3,5,0,1,1,3
USC00113902,HARVARD WWTP,IL,42.4156,-88.6253,916,24,1996-97,2025-26,30.8,33.1,19,23.2,9,12,13.7,19,6,8,9.4,15,4,5,6.7,10,3,4,4.7,9,1,2,3,3
USC00114442,JACKSONVILLE 2E,IL,39.7347,-90.1978,610,29,1996-97,2025-26,17.3,17.6,11,14,5,6,8,10,3,4,5.2,6,2,3.4,4,4,1,3,3,3,0,2,2,2
USC00114489,JERSEYVILLE 2 SW,IL,39.1025,-90.3431,610,28,1996-97,2025-26,10.5,12.7,6.5,8.6,4,5.6,7,9,2,3,3.3,5,1,2,3,5,1,2,2.3,4,0,1,1.3,2
USC00114530,JOLIET BRANDON ROAD LOCK/DAM,IL,41.5033,-88.1033,543,27,1996-97,2025-26,19.3,20.8,14,17,6,8,8,17,3,4.8,5.4,13,3,4,4.4,10,1,2,3,4,1,1,1,2
USC00114710,KEWANEE 1E,IL,41.2428,-89.8997,780,30,1996-97,2025-26,29.6,29.2,15.5,23.4,7.5,9.2,12.2,17,5.5,7,8,12,3.5,5,6,7,2,3.2,4,5,1,2,2,3
USC00114823,LA HARPE,IL,40.5836,-90.9803,678,27,1996-97,2024-25,19.2,21,12,29.6,8,9.8,12.4,15,4,6,7,8,2,3.8,5,6,1,3,3.4,4,0,1,2,4
USC00114805,LACON,IL,41.0186,-89.4153,458,26,1996-97,2025-26,21.9,22.8,17,20,6,9,10,14,4.5,6,6,9,2,4,4,8,2,3,3.5,5,0.5,1,1.5,4
USC00115079,LINCOLN,IL,40.1519,-89.3386,583,29,1997-98,2025-26,21.7,21,17,20.2,5,8,8.2,12,4,5,5.2,8,2,3,3.2,7,1,3,3,4,0,1,2,2
USC00115110,LITTLE RED SCHOOL HOUSE,IL,41.7089,-87.8769,719,27,1996-97,2025-26,29.5,30.4,17,22,9,10.8,12.4,17,6,7,8,11,3,4,6.4,9,2,3.8,5,8,1,2,2,3
USC00115280,MACOMB,IL,40.4786,-90.6697,610,26,1996-97,2025-26,7.3,12,7,13,3,7,8.5,15,1.5,4,5,10,0.5,3,4,6,0,2,2,6,0,1,1,5
USC00115372,MARSEILLES LOCK/DAM,IL,41.3283,-88.7533,487,27,1996-97,2025-26,24.9,25,17,20.8,7,10,11.4,17,4,6.8,7.4,10,3,4.8,6,7,2,3,3.4,6,1,1,2,3
USC00115430,MATTOON,IL,39.4731,-88.355,700,30,1996-97,2025-26,13.8,14.7,9.5,14,4,5,7,9,2,3,4.1,7,1,3,3.1,4,1,2,3,4,0,1,1,2
USC00115493,MCHENRY STRATTON LOCK/DAM,IL,42.3097,-88.2533,736,25,1996-97,2025-26,27.9,32,21,26,8,9.2,12.2,16,4,7,8.8,11,3,5,7,10,2,4,4,6,1,2.2,3,4
USC00115539,MEDORA 1 S,IL,39.1561,-90.1392,607,24,1996-97,2025-26,14.5,15.6,10,15.4,4,5,5.7,7,3,4,4,6,1,3,3,4,1,2,2.7,4,0,1,1.7,3
USC00115712,MINONK,IL,40.9125,-89.0339,750,25,1996-97,2025-26,19.3,20.6,11,17.2,6,8.2,9,10,4,5,6,7,2,3,4,5,2,2.2,3,5,1,1.2,2,3
USW00014923,MOLINE QUAD CITY INTL AP,IL,41.4481,-90.5236,576,30,1996-97,2025-26,35,35.8,21.5,29.2,8.5,12,12.4,17,6,7,9.1,14,4,5.2,8,10,3,4,5,7,2,2,3,4
USC00115768,MONMOUTH,IL,40.9442,-90.6381,720,28,1996-97,2025-26,23.1,25.1,11,14,6.5,9,10,14,4,6,7.3,10,4,5,5.3,9,2,3,4,7,1,2,2,5
USC00115825,MORRIS 1NW,IL,41.3714,-88.4333,524,29,1996-97,2025-26,24.9,24.7,16,20.4,8,9,10.4,17,4,6.4,7.2,12,2,4,5,9,2,3,3,6,1,1,2,2
USC00115833,MORRISON,IL,41.7944,-89.9681,632,25,1996-97,2025-26,28.3,29.2,15,17.2,8,11,13,20,6,7,9.2,14,4,5,5.6,8,2,4,4.6,6,1,2,2.6,3
USC00115901,MT CARROLL,IL,42.0972,-89.9831,708,29,1996-97,2025-26,29.2,32.4,17,23,9,12,14,15,6,9,10,12,4,6,7,10,2,4.4,5,7,1,2,3,5
USC00116157,NEWTON,IL,38.9917,-88.1828,531,27,1996-97,2025-26,14.4,16,11,14.8,5,6,7,11,3,4,5,6,2,3,3,5,1,2,2,3,1,1,1,2
USC00116200,NORMAL 4NE,IL,40.5492,-88.9497,790,27,1996-97,2025-26,21.2,21.7,16,19,6,8,10,16,4,5,7,11,3,4,5.4,7,2,3,3,5,0,1.8,2,3
USC00116446,OLNEY 2S,IL,38.7006,-88.0819,459,28,1996-97,2025-26,10.9,12.1,8,12,3,5,5,7,2,3,4.3,5,1,2,3,4,1,2,2,2,0,1,1.3,2
USC00116526,OTTAWA 4SW,IL,41.3281,-88.9097,545,24,1996-97,2025-26,21.1,23.5,14,16.8,7,9,10.7,16,4,5.4,7.4,12,3,4,5,8,2,2,3,6,1,1,2,2
USC00116610,PARIS STP,IL,39.6186,-87.6672,649,25,1996-97,2025-26,14.7,16.3,11,13,5,7,7.6,13,3,5,6,6,2,4,4,6,1,2,2,3,1,1,1,1
USC00116616,PARK FOREST WATER,IL,41.4944,-87.6794,710,24,1997-98,2025-26,29.6,30.2,17.5,21,8,11,12,19,5,6.4,9.1,13,3,4.4,6.4,11,2,3,4,9,1,2,2,4
USC00116661,PAW PAW 2S,IL,41.6653,-88.9781,889,29,1996-97,2025-26,29.7,28.9,15,20.4,9,12,12.6,18,6,7,9.2,13,4,5,6.2,9,2,4,4.2,7,1,2,2,4
USC00116663,PAXTON,IL,40.4589,-88.1014,797,26,1997-98,2025-26,16.6,19,9,13,6,8,10.5,15,4,5,6,9,2,4,5,7,1,2,3,4,0.5,1,2,3
USW00014806,RANTOUL,IL,40.3131,-88.1594,740,25,1996-97,2025-26,8.9,10.8,6,10.4,3,6,9,9,2,4,5,6,1,2.4,4,5,1,2,2,3,0,1,1.6,2
USW00094822,ROCKFORD GTR ROCKFORD AP,IL,42.1933,-89.0933,725,28,1998-99,2025-26,33,35,27.5,32,8,11,13,16,5,7.6,9.3,13,4,5.6,7,10,2,3.6,5.3,8,1.5,2.6,3,4
USC00117636,SALEM,IL,38.6403,-88.9458,550,27,1996-97,2025-26,10.4,11.7,6,9,4,5,6,8,2,3,4,6,1,2,2.4,5,1,1,1.4,3,0,1,1,2
USW00093822,SPRINGFIELD ABRAHAM LINCOLN CA,IL,39.8453,-89.6839,590,30,1996-97,2025-26,21.3,21.7,14,19.2,5,7,8,11,3,5,6,7,3,3.2,4,6,2,3,3,4,0,1.2,2,4
USC00118293,STOCKTON 3NNE,IL,42.3997,-89.9903,970,30,1996-97,2025-26,35.6,37.7,25,29,10,12,13.2,20,7,8.2,11.1,12,5,6,7,9,3,4.2,6,7,1,2.2,3,5
USC00118353,STREATOR 2SE,IL,41.0906,-88.8161,606,26,1996-97,2025-26,20.9,25.7,12.5,19,7,10,12,17,4,6,8.5,12,2.5,5,5.5,10,2,4,4.5,8,1,2,2.5,6
USC00118684,TUSCOLA,IL,39.7947,-88.2911,651,28,1996-97,2025-26,17.2,18,10.5,13,5,7.2,8.3,9,3,4,5,7,2,3,3.3,6,1,2,3,4,1,1,2,4
USC00119354,WINDSOR,IL,39.4458,-88.5961,690,24,1996-97,2025-26,14.8,16.1,7.5,9,5,6.4,7,9,3,4,5,7,2,3,3,5,1,2,3,4,1,1,1.7,3
USC00119816,YATES CITY,IL,40.7781,-90.0072,669,25,1996-97,2025-26,18.1,20.8,10,14.4,7,10,10,16,5,6,6.6,10,2,4,4,7,1,2,3.6,5,0,1.2,2,3
USC00120177,ANDERSON 1 N,IN,40.1167,-85.6814,843,27,1996-97,2025-26,17.7,18.7,10,14,5,7.8,9,13,3,5,5,7,2,3,4,5,1,2,3,5,0,1,1.4,3
USC00120200,ANGOLA,IN,41.6639,-85.0183,1020,30,1996-97,2025-26,33.9,36.8,28,34,9.5,12,14,17,6,8,10,13,3,6,7.1,10,2,5,5,8,1,2,2.1,5
USC00120676,BERNE WWTP,IN,40.6683,-84.93,839,25,1996-97,2025-26,24.6,25.2,14,15.2,8,10,13.4,16,5,8,9,13,3,4.2,6.2,8,2,3,3,5,1,1,2,2
USC00120784,BLOOMINGTON INDIANA UNIV,IN,39.1739,-86.5208,830,28,1996-97,2025-26,15.5,16.9,11.5,17,4,6,7.6,9,3,4,5,7,2,3,4,5,1,2,3,4,1,1,1,2
USC00120852,BOONVILLE 1S,IN,38.0303,-87.2736,400,28,1996-97,2025-26,9.2,10.6,5.5,8.6,3,4.6,5,8,2,3,4,5,1,2.6,3,4,0,1,2,3,0,1,1,1
USC00120877,BOWLING GREEN 1 W,IN,39.3853,-87.04,601,27,1996-97,2025-26,14,15,10,13,4,6.8,7.4,13,3,4,5.4,10,1,3,3,5,1,1.8,2,3,0,1,1,2
USC00121417,CHALMERS 5 W,IN,40.6653,-86.955,720,30,1996-97,2025-26,19.9,20.5,14,18,6,8,9.3,14,3,5,6.1,10,2,3,4.1,8,1,2,3,5,0,1,2,3
USC00121739,COLUMBIA CITY,IN,41.1453,-85.4897,834,28,1996-97,2025-26,20.5,22,13,19,7,9,11.3,13,4,6.6,7.6,11,2.5,3.6,5.3,6,1,3,3,4,1,1,1.3,3
USC00121747,COLUMBUS,IN,39.1661,-85.9228,609,26,1996-97,2025-26,15.3,14.8,9,14,4,5,5.5,11,3,4,4,6,2,3,3.5,5,1,2,2,3,0.5,1,1,1
USC00121873,CRAWFORDSVILLE 6 SE,IN,40.0028,-86.8011,836,29,1996-97,2025-26,22.7,22.3,14,18,6,8,8.4,11,3,5,6,8,2,4,5,7,1,3,3.2,7,1,2,2,4
USC00122096,DECATUR 1 N,IN,40.8483,-84.93,785,30,1996-97,2025-26,26.6,27,16.5,21.2,9,12,13.2,18,5,7.2,9,12,3,5.2,7,10,2,3,4,9,1,2,2,4
USC00122605,ELLISTON,IN,39.0314,-86.9372,669,27,1996-97,2025-26,9.8,11.8,7,10,3,4.8,5.4,8,2,3,3.4,4,1,2,3,3,1,2,2,3,0,1,1,1
USW00093817,EVANSVILLE RGNL AP,IN,38.0503,-87.5147,402,30,1996-97,2025-26,8.8,10.3,6.5,11,3,4,5,9,1.5,3,4,5,1,2,2,4,0,1,2,2,0,1,1,1
USC00122814,FARMERSBURG TV-2,IN,39.2425,-87.3906,548,28,1996-97,2025-26,13.2,14.1,10,13,3.5,6,6,11,2,4,5,6,1,2,3.3,4,1,2,2,3,0.5,1,1,2
USC00122825,FARMLAND 5 NNW,IN,40.2539,-85.1483,965,27,1996-97,2025-26,19.2,19.3,13,18,6,8,8.8,11,4,4.8,6,9,2,3,4,4,1,2,3,4,0,1,1,3
USC00123078,FRANCESVILLE,IN,40.9892,-86.8814,676,28,1996-97,2025-26,24.2,25.5,14.5,19,6,9,11.3,16,4,6,8,12,3,4.6,6,11,2,3,3.3,10,1,2,3,7
USC00123082,FRANKFORT DISPOSAL,IN,40.2986,-86.5067,824,30,1996-97,2025-26,22,25.9,14.5,24.2,6,9,10.2,14,3,6,9,12,2,3.2,5.1,9,2,3,3,7,1,2,3,5
USC00123091,FRANKLIN WWTP,IN,39.4683,-86.0411,720,24,1996-97,2025-26,16.6,15.4,10,12,4,6,7,10,2.5,4,4,6,2,3,3.7,4,1,3,3,4,0.5,1,1,2
USW00014827,FT WAYNE INTL AP,IN,40.9725,-85.2064,797,30,1996-97,2025-26,29.3,31.7,32.5,40,8,10.2,11.1,15,5,7.2,9,12,3,5,6.1,11,2,3.2,4,8,1,2,2,5
USC00123207,GARRETT 1 S,IN,41.3367,-85.1197,870,30,1996-97,2025-26,31.4,34.3,29,37,9.5,12.2,14,16,6,7.2,9,11,3,5.2,7,8,3,4.2,5,7,1,2,3,4
USC00123418,GOSHEN 3SW,IN,41.5575,-85.8825,875,29,1996-97,2025-26,43.9,47.3,36,46.4,11,14,15.2,18,8,9.4,11,12,5,7,7.2,11,3,5,6.2,8,2,3,4.2,6
USC00123527,GREENFIELD,IN,39.7858,-85.7611,869,28,1996-97,2025-26,19.3,19.1,14.5,19,4.5,7,8.6,12,3,4.6,6,9,2,3,4,7,1,3,3.3,5,1,1,2,3
USC00123777,HARTFORD CITY 4 ESE,IN,40.4356,-85.2892,924,30,1996-97,2025-26,31.4,30.1,28,36,7.5,10,11.2,15,5,7,7,11,3,5,6,9,2,3,4,5,1,2,3,3
USC00124181,HUNTINGTON,IN,40.8561,-85.4989,731,29,1997-98,2025-26,22.6,23.1,14,18.8,6,9.4,10.2,16,4,6,7.2,12,3,4,6,9,2,3,3.2,5,1,1.4,2,4
USC00124244,INDIANA DUNES NP,IN,41.6317,-87.0881,683,24,1996-97,2024-25,34.8,37.6,23.5,30,9.5,12,13,18,6,8,8.7,13,4,5.4,6,11,3,4,4.7,9,2,3,3.7,5
USW00093819,INDIANAPOLIS,IN,39.7075,-86.2803,887,30,1996-97,2025-26,23.8,23.6,20.5,25,6,8.2,11.1,12,3.5,5.2,6.2,9,2,4,5.1,6,1,3,4,6,1,2,2,4
USC00124657,KNOX WWTP,IN,41.3053,-86.6286,690,29,1996-97,2025-26,25,29.1,13,22.2,8,10,13.4,16,5,7.4,10,14,4,5,6.4,12,2,4,5.2,9,1,2,3,4
USC00124662,KOKOMO 3 WSW,IN,40.4583,-86.1758,822,25,1996-97,2025-26,34.6,32.8,24,26.2,9,11,12.2,14,6,7,7.6,10,4,5,5.6,9,2,4,4.6,6,1,2,2,3
USC00124715,LAFAYETTE 8 S,IN,40.2964,-86.9028,732,26,1998-99,2025-26,20.6,21.9,11.5,16,7,8,10.5,16,4,5,6,10,3,4,5,7,2,3,3.5,6,1,2,2.5,3
USC00124782,LAKEVILLE,IN,41.5269,-86.2692,841,25,1996-97,2025-26,33.1,38.5,23,33,9,13,13.6,18,6,9,10,12,4,7,7,9,3,5.2,7,7,2,3,3.6,6
USC00124837,LAPORTE,IN,41.6117,-86.7297,809,28,1996-97,2025-26,58.7,64.9,32.5,44.6,11,15.6,16,19,8,10.6,13,14,5.5,8,9,11,4.5,6.6,7.3,11,3,4.6,6,8
USC00125117,LOGANSPORT CICOTT ST,IN,40.7478,-86.3878,600,30,1996-97,2025-26,18,19.2,13,19.2,5.5,9,10.2,14,3,5,6.1,10,2,3.2,5,7,1.5,2,3,5,0,1,1.1,2
USC00125174,LOWELL WWTP,IN,41.2644,-87.4175,665,25,1996-97,2025-26,25.8,28.7,17,23.4,7,9,10.6,15,4,6,8,12,3,5,5,10,2,3.2,5,8,1,2,2.6,5
USC00125337,MARION 2 N,IN,40.58,-85.6586,790,28,1996-97,2025-26,22.4,22.7,15,20,6,8.6,10,13,4,6,6.3,12,3,4,4,9,2,2,3,7,1,1,1.3,5
USC00125407,MARTINSVILLE 2 SW,IN,39.4042,-86.4525,592,27,1996-97,2025-26,15.9,16.2,12,15.6,4,5.8,7,9,3,4,4.4,6,2,3,4,5,1,2,2.4,5,0,1,1,2
USC00126023,MUNCIE,IN,40.1825,-85.3497,966,26,1996-97,2025-26,21.4,20.2,15,19,6.5,8,10,12,4.5,5,6,7,2.5,3,4,5,1,3,3,4,1,1,1,3
USC00126401,N JUDSON 3 S,IN,41.1733,-86.7572,700,25,1997-98,2025-26,27.4,28.4,15,21.2,8,10.2,11,11,4,6,6.6,9,4,4.2,5,8,2,4,4,8,1,2,2,5
USC00126435,N VERNON 2 ESE,IN,39.0011,-85.5994,719,26,1996-97,2025-26,14.7,16.4,11,15,4.5,6,6.5,11,3,4,4,5,1,3,4,5,1,2,3,4,0,1,2,3
USC00126164,NEW CASTLE 3 SW,IN,39.8942,-85.3953,991,27,1996-97,2025-26,22.9,22.8,16,20,7,8,9,13,4,6,6,9,3,4,4,7,2,3,3,6,1,1,2,3
USC00126580,OOLITIC PURDUE EX FM,IN,38.8886,-86.5517,649,28,1996-97,2025-26,18.5,16.8,13.5,18.2,4.5,6.6,7,9,3,4,4.3,7,1.5,3,3.3,5,1,2,2.3,4,0.5,1,1,2
USC00126801,PENCE 1 SW,IN,40.3522,-87.525,700,28,1996-97,2025-26,15.2,15.2,12.5,18.6,5,7,8,12,3,4,4.3,7,2,2,3,5,1,2,2,3,0,1,1,1
USC00126830,PERRYSVILLE 4 WNW,IN,40.0739,-87.5067,611,30,1996-97,2025-26,19.6,19.3,17,22.2,6,7,9.1,13,3,5.2,6.1,7,3,4,4,5,1,3,3,4,0,1,1,2
USC00126989,PLYMOUTH,IN,41.3392,-86.3358,815,30,1996-97,2025-26,49,55.7,28.5,36,12.5,15.2,18.1,23,8.5,12,13.1,15,6.5,9.2,10.1,12,4,7,7,11,2,3.2,5.1,9
USC00127298,RENSSELAER WWTP,IN,40.9239,-87.1753,658,25,1998-99,2025-26,23.9,26.4,17,21.2,7,8,11,15,4,7,7,12,3,4.2,5,9,2,3,4.6,7,1,2,2,3
USC00127482,ROCHESTER,IN,41.0664,-86.2097,760,30,1996-97,2025-26,25.5,28.2,10.5,16,8,12,12.1,17,5.5,9.2,11.1,14,3,6.2,7.1,10,2.5,3,5.1,7,1,2,3,4
USC00127522,ROCKVILLE,IN,39.7594,-87.2269,689,25,1996-97,2025-26,14.5,12.4,8,11.2,4,6,7,9,3,4,5,8,2,3,3,4,1,2,2,3,0,1,1,2
USW00014848,S BEND AP,IN,41.7072,-86.3164,772,29,1996-97,2025-26,59.8,63.1,38,46.4,12,15,15,17,8,10,10.2,12,6,8,8,9,5,7,7,8,3,5,5,6
USC00127999,SHELBYVILLE SEWAGE PLT,IN,39.5283,-85.7914,752,27,1996-97,2025-26,9.4,12.5,7,11,2,6,8,12,2,4,4.4,9,1,3,3.4,8,1,2,2.4,5,0,1,1.4,2
USC00128036,SHOALS 8 S,IN,38.5528,-86.7944,477,26,1996-97,2025-26,10.1,11,6,10,3,5,6.5,9,2,3,4,8,1,2,2,5,0.5,1,1.5,3,0,1,1,2
USC00128784,TIPTON 5 SW,IN,40.2233,-86.1086,890,29,1996-97,2025-26,30,31.7,18,24,8,11,12.2,17,6,7.4,8.4,13,4,5,7.2,9,3,4,5,8,1,2.4,3,5
USC00129113,VINCENNES 5 NE,IN,38.7386,-87.4878,452,28,1996-97,2025-26,9.2,10.1,6.5,10,3,5,5.3,6,2,2,3,4,1,2,2,3,1,2,2,3,0,1,1,2
USC00129430,W LAFAYETTE 6 NW,IN,40.475,-86.9919,708,26,1996-97,2025-26,20.3,20.9,13.5,18,6,8,10,14,4,5,6,11,2.5,3,4,8,2,2,3,5,1,2,2,2
USC00129222,WANATAH 2 WNW,IN,41.4439,-86.9294,735,29,1996-97,2025-26,26.3,29.1,22,28,9,11.4,13.2,17,5,7.4,9.4,12,3,5,6,10,2,3,4.2,9,1,1.4,2,3
USC00129243,WARSAW 5SW,IN,41.1719,-85.9192,850,29,1996-97,2025-26,27.7,31.3,22,29,8,11.4,13,16,5,7.4,9,11,3,5,5.2,9,2,4,4.2,6,1,2,2,3
USC00129557,WHITESTOWN,IN,39.9961,-86.3542,941,27,1996-97,2024-25,18.9,21.2,10,14.6,5,8,10.2,14,4,5,6.4,9,2,4,5,8,1,3,4,6,1,2,3,4
USC00129605,WILLIAMS 3 SW,IN,38.7669,-86.6847,547,27,1996-97,2025-26,10.5,13.2,7,11.4,4,5,6.4,9,2,3,3.4,5,1,2,3,4,1,2,2.4,4,0,1,1,2
USC00129670,WINAMAC 2SSE,IN,41.0267,-86.5867,690,29,1996-97,2025-26,25.4,25.5,14,22,7,10,12.2,18,5,8,8.2,14,3,4.8,6,10,2,3,4,6,1,2,2,3
USC00140195,ALTA VISTA,KS,38.8664,-96.4892,1454,25,1996-97,2025-26,16.7,17.2,8,12,5,7.2,9.2,11,3,4.2,5.6,8,2,3.2,4,7,1,2,2.6,4,0,1,1.6,2
USW00013980,ANTHONY,KS,37.155,-98.0283,1340,24,1996-97,2025-26,10.3,11.2,5.5,9,2.5,4,5.4,6,2,3,3.7,5,2,2.4,3,4,1,2,2,3,0,1,2,2
USC00140313,ARKANSAS CITY,KS,37.0631,-97.04,1118,24,1996-97,2024-25,5.2,7.1,2.5,8.4,2,4,4.7,6,1,3,3.7,4,0.5,2,2.7,3,0,1,1.7,3,0,0,1,3
USC00140365,ASHLAND,KS,37.1942,-99.7633,1970,28,1996-97,2025-26,10.6,10.8,5,8.6,2,4,6,8,2,3.6,4,7,1,2,2,4,1,2,2,3,0,1,1.3,2
USC00140405,ATCHISON,KS,39.5756,-95.1108,945,26,1996-97,2025-26,14.6,16.2,9,13,4.5,6,8,9,3,5,6,7,2,3,4,5,1,2,2.5,4,0,1,1.5,3
USC00140439,ATWOOD,KS,39.7994,-101.0422,2893,30,1996-97,2025-26,24.6,25.3,11,13,8,9.4,12,13,5,7,7.1,10,3,4.2,5.1,6,2,3,4,5,1,2,2,2
USC00140447,AUGUSTA,KS,37.6983,-96.9706,1282,24,1996-97,2025-26,9.1,9.3,5,7.4,3,4,5,7,2,3,3.7,4,1,2,3,3,1,2,2,2,0,0.4,1,2
USC00140676,BELLEFONT 3S,KS,37.8261,-99.6542,2365,26,1996-97,2024-25,13.9,14.3,6,8,5,7,8,9,3,4,4.5,6,2,3,3,4,1,2,3,3,0.5,1,1.5,3
USC00140693,BELOIT,KS,39.4575,-98.1125,1391,29,1996-97,2025-26,15.4,16.8,7,10.4,5,7,8,10,3,5,6,8,2,3,5,6,1,2.4,3,4,1,2,2.2,3
USC00140911,BLUE RAPIDS,KS,39.6769,-96.6631,1169,25,1996-97,2025-26,12,14.8,8,11.4,4,6,7,9,3,4,4.6,8,1,3,3.6,5,1,2,2.6,3,0,1,1,2
USC00141104,BUCKLIN 1SE,KS,37.5408,-99.6292,2379,29,1996-97,2025-26,16.1,17.2,8,13.4,5,6.4,7,9,3,4,5.4,7,2,4,4,6,1,2.4,3,5,1,1,2,3
USC00141141,BURDETT 3S,KS,38.1453,-99.5325,2229,24,1996-97,2025-26,12.7,14.4,5,8.4,4,5,6.7,7,2,3,4,6,2,3,3,4,1,2,3,4,0,1,1.7,2
USC00141179,BURR OAK 4S,KS,39.7997,-98.3011,1735,26,1996-97,2025-26,20.2,22.3,17,22,6,8,10,12,4,5,7,8,2.5,4,5,7,2,3,4,5,1,2,2,3
USC00141233,CALDWELL,KS,37.0328,-97.6156,1138,27,1996-97,2025-26,10.1,10.6,6,9,3,4,4.4,6,2,3,3,4,1,2.8,3,3,1,2,2,3,0,1,1,2
USC00141239,CAMBRIDGE,KS,37.315,-96.6625,1252,26,1996-97,2025-26,7,8.8,4,7,3,4,6,8,2,3,3.5,5,1,2,3,4,1,1,1.5,4,0,1,1,3
USC00141371,CAWKER CITY,KS,39.5067,-98.4305,1497,30,1996-97,2025-26,14,15.5,7,10,5,7,8,9,3,5,6,8,2,4,4.1,6,1,2,3,5,0.5,1,2,3
USC00141383,CEDAR BLUFF DAM,KS,38.7978,-99.7231,2135,26,1996-97,2025-26,14.3,15.9,8.5,11,5,7,8.5,11,3,4,4.5,8,2,3,3,5,1,2,3,3,0.5,1,1,2
USC00141404,CENTERVILLE 4SW,KS,38.1936,-95.0725,950,26,1996-97,2025-26,12.4,13.6,7,12,4,6,7,8,2,4,5,7,1.5,3,3.5,6,1,2,2,5,0,1,1,3
USC00141522,CIMARRON,KS,37.8133,-100.3456,2703,28,1996-97,2025-26,14.4,15.7,8.5,12,4.5,6,7,9,2.5,4,4,5,2,3,4,4,1,2,3,4,0.5,1,2,3
USC00141699,COLBY 1SW,KS,39.3925,-101.0689,3170,27,1996-97,2025-26,22.3,22.9,13,18,7,8.8,9,10,4,5,6,7,2,4,5,6,2,2,3,5,1,1.8,2,3
USC00141704,COLDWATER,KS,37.2694,-99.3214,2113,24,1996-97,2025-26,14.5,15.5,6.5,9,4,5,6.7,9,3,4,4,5,2,3.4,4,4,1,2,2,3,1,1.4,2,2
USC00141740,COLUMBUS,KS,37.1681,-94.83,892,24,1996-97,2025-26,6.1,7,4,5,2,3,3.7,5,1,2,3,4,1,2,2,4,1,1,2,2,0,1,1,1
USC00141795,CONWAY SPRINGS 4SW,KS,37.3569,-97.6944,1374,25,1996-97,2025-26,5.8,8,4,9,2,4.2,5.6,8,1,3,3.6,7,1,2,2.6,3,0,1.2,2,2,0,0,1,2
USW00013985,DODGE CITY,KS,37.7608,-99.9689,2671,30,1996-97,2025-26,18.9,18.4,13,16.2,5,7,8,11,3,4,5,8,2,3,3.1,5,1,2,3,3,1,1,1.1,3
USC00142401,EL DORADO,KS,37.8183,-96.8444,1290,24,1997-98,2025-26,6.8,7.7,3,8,2,4.4,5.7,6,1,3,3.7,5,1,2,2,4,0,1.4,2,3,0,1,1,2
USC00142432,ELKHART,KS,37.0058,-101.8867,3599,30,1996-97,2025-26,13.5,15.7,7,10,4.5,6,7,12,2.5,5,5,7,1,3,3.1,5,1,2,3,4,0,1,2,3
USC00142622,EUREKA 1E,KS,37.8253,-96.2644,1100,25,1996-97,2025-26,9.6,10.2,5,10.2,3,4,5,7,2,3,3,6,1,2,2,4,1,1,2,4,0,1,1,2
USC00142980,GARDEN CITY EXP STN,KS,37.9931,-100.8122,2890,28,1996-97,2025-26,15.4,15.6,8.5,11,4,7,7,8,3,4,5,6,2,3,3.3,5,1,2,3,5,0,1.6,2,2
USC00143037,GENESEO,KS,38.5375,-98.1611,1750,26,1997-98,2025-26,15.5,15.3,6,8,4,6,7.5,10,3,4,5,9,2,3,4,5,1,2,3,5,0,1,1.5,2
USW00023065,GOODLAND,KS,39.3669,-101.7003,3716,29,1996-97,2025-26,26.5,28.3,19,23,8,9.4,10.2,11,5,6,7,8,3,4,5,7,2,4,4,5,1,1,3,3
USC00143218,GREAT BEND 3WNW,KS,38.3711,-98.8186,1864,24,1996-97,2025-26,14,14.6,7,9,4.5,7,7.7,8,3,4,4.7,6,2,3,3.7,5,1,2.4,3,4,1,1,1.7,2
USC00143248,GRENOLA 1 N,KS,37.3594,-96.4497,1159,26,1996-97,2025-26,7.6,9.9,5.5,9,3,4,5.5,7,2,3,3.5,6,1,2,3,4,1,1,2,4,0,1,1,4
USC00143331,HALE,KS,37.2225,-96.0547,1010,26,1996-97,2025-26,6.4,8.2,4.5,6,2,4,5.5,6,1,3,3.5,5,1,2,3,4,0,1,1.5,3,0,1,1,1
USC00143523,HAYS,KS,38.8669,-99.3169,1990,27,1996-97,2024-25,11.4,12.8,6,9,4,6,7.4,9,2,3.8,5,6,2,2,3,5,1,2,2.4,3,1,1,1,1
USC00143527,HAYS 1 S,KS,38.8586,-99.3358,2010,27,1996-97,2025-26,15.2,15.8,11,13,4,5,6.4,8,2,4,4.4,7,2,3,4,5,1,2,2.4,4,1,1,2,2
USC00143554,HEALY,KS,38.6003,-100.6197,2850,30,1996-97,2025-26,20.9,21.1,9,11.2,7,9.2,10,12,4,5.2,6.1,9,2,3.2,4.1,6,2,2.2,3.1,6,1,2,2,3
USC00143594,HERINGTON,KS,38.6653,-96.9492,1338,29,1996-97,2024-25,12.1,13.2,6,9.4,4,6.4,7,9,3,5,5.2,8,2,3,4,6,1,2,2,3,0,1,1,2
USC00143665,HILL CITY 1E,KS,39.3619,-99.8278,2132,25,1996-97,2025-26,17.1,17.5,8,10.2,5,7,7.6,12,3,4,5,8,2,3,4,4,1,2.2,3,4,1,1.2,2,4
USC00143867,HUMBOLDT,KS,37.8117,-95.4456,940,24,1996-97,2025-26,8.2,9.3,5,7,3,4.4,5.7,8,2,3,3.7,5,1,2,2,3,1,1,2,3,0,1,1,2
USC00143930,HUTCHINSON 10 SW,KS,37.9311,-98.0297,1549,25,1996-97,2025-26,12.1,10.9,6,9,3,5,5.6,7,2,3,4,5,1,2.2,3,3,1,1.2,2,3,0,1,1,2
USC00143954,INDEPENDENCE,KS,37.2364,-95.7003,805,25,1996-97,2025-26,6.9,8.5,3,6,2,4,5,5,1,2,3,5,1,2,2,4,1,1,1.6,2,0,1,1,2
USC00143974,INMAN 5SW,KS,38.1869,-97.8417,1506,26,1996-97,2025-26,12.8,12.6,8.5,11,3.5,5,6.5,7,2,3,4,5,1.5,2,3,3,1,2,2,3,0,1,1,1
USC00143984,IOLA 1 W,KS,37.9233,-95.4242,954,24,1997-98,2025-26,7.8,8.8,4,8,2.5,5,6,8,1,3,4,6,1,2,2.7,4,1,1.4,2,3,0,0,1,2
USC00143997,IONIA,KS,39.6611,-98.3483,1537,27,1996-97,2024-25,14.2,15.7,9,12,4,6,7,11,3,4,5.4,9,2,3.8,4,4,1,2,3,4,0,1,1,2
USC00144464,LAKIN,KS,37.9411,-101.2492,2998,30,1996-97,2025-26,16.8,18.6,7,9.4,5,8,8.2,11,3.5,5,5.1,7,2,3,4.1,6,1,2.2,3,5,1,1,2.1,4
USC00144598,LEBANON,KS,39.8083,-98.5583,1837,28,1996-97,2025-26,19.2,21.1,9,13,5.5,7,8.3,12,3.5,5,6.3,9,2.5,4,5,6,2,3,4,4,1,2,2,3
USC00144695,LIBERAL,KS,37.0308,-100.9069,2834,24,1998-99,2025-26,10.8,12.5,6,8,4,6,6,8,2,4.4,5,6,1,2,2.7,5,1,2,2,3,0,1,1,2
USC00144712,LINCOLN 1 SE,KS,39.0294,-98.13,1401,25,1996-97,2025-26,15,16.1,8,10,4,6,7.6,11,3,3.2,5.6,8,2,3,5,6,1,2.2,3,4,1,1,1,3
USC00144812,LONGTON,KS,37.3833,-96.0814,915,24,1996-97,2025-26,8.8,9.6,4.5,6,3,4,5.7,7,2,3,3,6,1,2,2,5,1,1,1.7,5,0,1,1,3
USC00144937,MADISON,KS,38.1292,-96.1383,1192,24,1996-97,2025-26,9.3,11,4.5,10.8,2.5,6,7,9,2,3.8,5,6,1,2,2,4,1,1.4,2,3,0,1,1,2
USC00144972,MANHATTAN,KS,39.1972,-96.5814,1060,28,1996-97,2025-26,15.8,17.3,9,12.2,4,6.6,7.6,10,3,5.6,6.3,7,2,3.6,5,6,1,2,3,4,1,1,2,2
USC00145063,MARYSVILLE,KS,39.8383,-96.6364,1178,30,1996-97,2025-26,12.4,13.4,8,12.2,4,6,7,8,2,4,5,8,1,3,4,5,1,2,3,4,0,1,2,3
USC00145132,MC FARLAND,KS,39.0539,-96.2367,1015,26,1996-97,2025-26,15.7,17.1,12,14,4,7,8.5,10,3,4,5.5,8,2,3,3,6,1,2,2,4,0,1,2,2
USC00145152,MCPHERSON,KS,38.3772,-97.6097,1520,25,1996-97,2025-26,11.4,14.2,7,10,4,7,8,8,3,4.2,5.6,8,2,3,3,4,1,2,2.6,4,0,1,2,3
USC00145421,MONTEZUMA,KS,37.5922,-100.4389,2770,30,1996-97,2025-26,13.3,15.1,9,10,4,6,7,10,3,4,5,7,2,3,3,4,1,2,3,3,0,1,1,2
USC00145536,MOUND VALLEY 3 WSW,KS,37.1881,-95.4503,794,25,1996-97,2025-26,7,8.7,5,6,2,3.2,5,6,2,2.2,3.6,5,1,2,2.6,4,0,1,2.6,3,0,1,1,1
USC00145539,MT HOPE,KS,37.8658,-97.6647,1440,24,1996-97,2025-26,14.7,13.9,8,11.4,4,7,7.7,9,3,4,5,7,2,3,3.7,6,1,2,2,4,0,1,1,1
USC00145628,NATOMA,KS,39.185,-99.025,1830,26,1996-97,2025-26,17.4,17.9,8,11,5,7,8,11,3,4,5,8,2.5,3,4,5,2,3,3,4,1,2,2,3
USC00145744,NEWTON,KS,38.0231,-97.3553,1441,25,1996-97,2025-26,8.3,10.2,6,12,3,5,6,8,2,3.2,4.6,8,1,2,3,5,1,1.2,2,3,0,0.2,1,2
USC00145787,NORCATUR 3WSW,KS,39.8133,-100.2417,2601,26,1996-97,2025-26,14.6,13.9,6,12,4.5,7,8,11,3,4,5,8,1.5,3,3,7,1,2,2,4,0,1,1,1
USC00145856,NORTON 9SSE,KS,39.7408,-99.8361,2413,25,1996-97,2025-26,18,18.6,10,12.2,6,8,9,12,3,5,5.6,7,2,3.2,4,5,1,3,3,4,0,1,1.6,2
USC00145888,OAKLEY 4W,KS,39.1131,-100.9447,3102,30,1996-97,2025-26,24.1,24.9,13,17.2,8,9,10.1,12,5,6,7.1,8,3,4.2,6,6,2,3,3.1,5,1,2,2.1,3
USC00146242,PARSONS 2 NW,KS,37.3678,-95.2881,910,25,1996-97,2025-26,5,8,4,5,2,4,4,8,1,2.2,3,5,1,2,2,5,0,1,1.6,3,0,1,1,2
USC00146305,PECK 4 SSW,KS,37.4219,-97.3994,1232,25,1996-97,2025-26,12.7,12.5,5,8.2,4,5,5.6,8,3,3.2,4,4,2,3,3,4,1,2,2.6,3,0,1,1,2
USC00146414,PITTSBURG,KS,37.3903,-94.7025,908,24,1996-97,2025-26,8.4,9.5,6,8.4,2,3.4,5,6,1,3,3.7,4,1,2.4,3,4,1,2,2,4,0,1,1,1
USC00146435,PLAINVILLE 4WNW,KS,39.245,-99.3808,2194,28,1996-97,2025-26,20,20.2,10,14.6,6,8,8.3,12,4,5,5.3,8,2,4,5,6,1,2,3,4,1,1.6,2,3
USC00146637,QUINTER,KS,39.0667,-100.2389,2672,26,1997-98,2025-26,19.6,19.1,10,12,6.5,7,7,9,3.5,5,5,6,2,3,4,5,1.5,2,3,4,1,1,2.5,3
USC00146808,RICHFIELD,KS,37.2644,-101.7883,3404,25,1996-97,2025-26,16,17.4,7,10.2,5,7.2,8,10,4,5,6.6,8,3,4,4,4,1,3,3,4,1,1,2,3
USC00147271,SCOTT CITY,KS,38.4747,-100.9175,2974,24,1996-97,2025-26,15.6,17.8,8.5,11.4,6,8,9,11,3,4,5,7,2,3.4,4,5,1,2.4,3.7,5,1,1,2,3
USC00147542,SMITH CTR,KS,39.7772,-98.7783,1820,30,1996-97,2025-26,15.9,17.8,12,14.4,5,7,7.1,13,3,4,6,7,2,4,4.1,5,2,2.2,3,4,1,1,1.1,2
USC00147796,STERLING,KS,38.2139,-98.2072,1642,25,1996-97,2025-26,7.8,10.7,5,9,4,6,7,8,1,4,5.6,6,1,3,3,4,1,2,2,2,0,1,1.6,2
USC00148038,SYRACUSE 1NE,KS,37.9928,-101.7417,3308,24,1996-97,2025-26,16,17.3,8,12,4.5,6.4,8,12,3,4.4,5,5,2,3,3,5,1,2,2.7,5,1,1,2,5
USW00013996,TOPEKA ASOS,KS,39.0725,-95.6261,880,29,1996-97,2025-26,12.6,16.9,11,14.4,5,6.4,8,9,3,4.4,6,7,2,3.4,4,6,1,2,3,5,0,1,2,3
USC00148235,TRIBUNE 1W,KS,38.4661,-101.7731,3634,28,1996-97,2025-26,16.5,20,10.5,13.6,6,7,8,9,3,5,6,6,2,4,4.3,5,1,2.6,3,5,0.5,1,1,2
USC00148250,TROY 3N,KS,39.8281,-95.0875,1035,27,1996-97,2024-25,18,21.1,10,18.6,6,7.8,10,15,4,6.8,7,11,3,5,5.4,7,2,3.8,5,6,0,1.8,3,4
USC00148287,ULYSSES 3NE,KS,37.5983,-101.2908,3094,30,1996-97,2025-26,16.2,16.5,10,14,4,6,7.1,9,3,4,5,7,2,3,4,5,1,2,3,4,0.5,1,1.1,3
USC00148323,UTICA,KS,38.6442,-100.1686,2625,25,1996-97,2025-26,13.5,15.2,9,10,5,6.2,7.6,11,3,4.2,5,7,2,3,3,5,1,2,2.6,3,1,1,2,2
USC00148341,VALLEY FALLS 3 SW,KS,39.3033,-95.4861,1051,24,1996-97,2025-26,13,15.6,12.5,17,4,6.4,8.7,9,2,4,5.7,8,1.5,3,4,7,1,2,2,6,0,1,2,4
USC00148563,WAMEGO 4 W,KS,39.2142,-96.37,1166,30,1996-97,2025-26,14.2,16.7,9,13,4.5,7,8.1,9,3.5,5,6,8,2,4,4.1,6,1.5,2,3,6,0.5,1,2,2
USC00148670,WELLINGTON,KS,37.2678,-97.4194,1224,24,1996-97,2025-26,11,10.2,6,8.4,3,4.4,5,6,2,3,3,4,2,2,2,3,1,1.4,2,2,0,1,1,2
USW00003928,WICHITA,KS,37.6544,-97.4431,1400,30,1996-97,2025-26,14.8,13.5,8.5,14,4,5.2,6,7,3,3.2,4,5,2,3,3,4,1,2,2,3,0,1,1.1,2
USC00148911,WILLOWDALE 1 SW,KS,37.5047,-98.3117,1660,24,1996-97,2025-26,15.1,15.1,8.5,11.4,4,5.4,6,7,3,4,4.7,5,2,3,3.7,4,1,3,3,3,0,1,2,3
USC00149080,YATES CTR,KS,37.8833,-95.7278,1112,26,1996-97,2025-26,10.9,10.3,6,9,3,5,5,7,2,4,4,5,1,2,3,3,1,2,2,3,0,1,1.5,2
USC00150381,BARBOURVILLE,KY,36.8825,-83.8819,990,24,1996-97,2025-26,5.5,6.3,4,7,2.5,3.4,5,6,1,2,3,4,1,1,1.7,4,0,1,1,3,0,0,0,1
USW00093808,BOWLING GREEN WARREN CO AP,KY,36.9647,-86.4239,523,27,1996-97,2025-26,5.3,7.8,8,9,2,3.8,4.4,7,1,2,3,6,1,1.8,2,3,0,1,1.4,2,0,0,1,2
USW00093814,CINCINNATI/NORTHERN KENTUCKY I,KY,39.0444,-84.6725,861,30,1996-97,2025-26,23.3,22.4,19.5,26.2,6,8,9,12,3,6,6,9,2,4,5,8,1,3,4,6,0,1,1.1,3
USC00151576,CLAY CITY 1 WNW,KY,37.8617,-83.9228,630,24,1997-98,2025-26,7,8.3,6,7.4,3,5,5,7,1,2,2.7,4,1,2,2,3,0,1,1.7,3,0,0,1,2
USC00153714,HAZARD WTR WKS,KY,37.2472,-83.1817,880,25,1996-97,2025-26,5,7.1,4,6.2,2,4,4,5,1,2.2,3,5,1,2,3,3,0,1.2,2,3,0,0.2,1,2
USW00003889,JACKSON,KY,37.5908,-83.3131,1461,30,1996-97,2025-26,19.5,21,19,25.2,5,8.2,9.1,15,3,5,6,8,2,3.2,5,6,1,2,3,4,0,1,2,3
USW00093820,LEXINGTON BLUEGRASS AP,KY,38.0339,-84.6114,962,30,1996-97,2025-26,11.1,13.8,11,16.4,4,6,7,10,2,4.2,6,7,1,3,3.1,4,0,1,2,4,0,1,1,2
USW00093821,LOUISVILLE INTL AP,KY,38.1775,-85.7308,480,29,1996-97,2025-26,13.4,13.4,12,16,4,5,6.2,8,2,3,4,6,1,3,3,3,0,1,2,3,0,1,1,2
USC00155694,MURRAY,KY,36.6122,-88.3011,492,28,1996-97,2025-26,5.8,6.2,3.5,6,2,3,4,5,1,2,2,4,0,2,2,2,0,1,2,2,0,1,1,1
USW00003816,PADUCAH,KY,37.0683,-88.7719,506,30,1996-97,2025-26,7.8,8.8,6,10,2,3,4.1,8,1,2,3,6,1,2,2,3,0.5,1,2,3,0,1,1,2
USC00157431,SKYLINE 1 SE,KY,37.0875,-82.9928,1083,29,1996-97,2025-26,12.9,14.5,9,11.4,5,6.4,9.2,10,3,4,5,8,2,3,3.2,5,1,2,2,4,0,1,1,2
USC00190120,AMHERST,MA,42.3861,-72.5375,145,28,1996-97,2025-26,36.4,39.2,18,24,8,11,13.6,17,6.5,8.6,9.3,11,5,6.6,8,10,4,5,5.3,8,2,3,4,5
USC00190190,ASHBURNHAM,MA,42.6178,-71.9158,1108,29,1996-97,2025-26,68.3,70,33,39,13,16.4,19,21,10,12,13.4,18,7,9,10.4,13,6,8,9,11,4,5.4,6,7
USC00190408,BARRE FALLS DAM,MA,42.4281,-72.0275,825,25,1996-97,2025-26,58,59.3,22,31,13,17,18.6,22,9,11.2,13.8,17,7,9,9.6,14,6,7,8,11,4,4,5,7
USC00190562,BELCHERTOWN,MA,42.2797,-72.3483,550,27,1996-97,2025-26,38,43.2,16,22,10,13,14,19,8,9.8,10.4,12,6,6.8,7.8,11,4,5.8,6,9,2,3,4,4
USC00190593,BEVERLY,MA,42.5881,-70.8372,65,25,1996-97,2025-26,35.9,37.8,13,20,8,10,11.8,14,5,7,7.6,12,4,6,6.6,7,4,4,5,6,2,3.2,4,5
USC00190736,BLUE HILL COOP,MA,42.2122,-71.1136,625,30,1996-97,2025-26,65.5,66.5,27.5,34.2,10,12,15.1,20,7,10,11.1,17,6,8,10.1,13,4,7,8,12,3,5,5.1,10
USW00014753,BLUE HILL LCD,MA,42.2122,-71.1136,625,30,1996-97,2025-26,65.4,66.4,26.5,33.2,10,13,14.2,18,7,10,11.1,15,6,8,10.2,12,4.5,7,8,11,3,5,5.1,9
USW00014739,BOSTON,MA,42.3606,-71.0097,11,30,1996-97,2025-26,39.7,44.1,17.5,26.2,7.5,10,12,14,6,8,8.1,12,4.5,6,7,12,4,5,6,8,2,4,4.1,6
USC00190860,BROCKTON,MA,42.0475,-71.0081,75,25,1996-97,2025-26,17,28,5,12,4,9,9.6,14,3,6.2,8.6,11,2,5,5.6,10,1,4.2,5,7,1,3,3,4
USC00192107,E BRIMFIELD LAKE,MA,42.1103,-72.1269,700,25,1996-97,2025-26,49.3,57.1,22,28.2,12,15,17.2,20,8,12,12,16,7,8,8.6,13,5,6,7,12,3,4.2,5,7
USC00192451,E WAREHAM,MA,41.7653,-70.6697,30,29,1996-97,2025-26,34.2,35.3,12,17.6,6,9.4,11.2,14,5,7,8,13,3,6,7,10,3,4.4,6,8,2,2.4,4,5
USC00192501,EDGARTOWN,MA,41.3853,-70.5181,30,29,1996-97,2025-26,18.4,23.4,9,13.4,5,8,9,14,3,6,7.2,13,3,4.4,6,7,2,3,5,5,1,3,3,3
USC00192997,FRANKLIN,MA,42.0792,-71.4094,250,28,1996-97,2025-26,41.8,43.1,12.5,16,8,11,14.3,17,6.5,9,10.3,14,5,7.6,9,10,4,6,7,9,3,4,4.3,6
USC00193276,GROVELAND,MA,42.7467,-71.0425,30,30,1996-97,2025-26,52,60.3,25,34.2,11,13.2,15.1,19,8,10.4,12.1,16,6,9,9.2,12,5,7,8.1,11,3,5,6,8
USC00193505,HAVERHILL,MA,42.7594,-71.0603,20,24,1996-97,2024-25,47.8,55.6,17,23.4,10,14,16.4,20,8,10.4,12,14,6,8,11,11,4,7,8,9,2.5,4.4,5.7,8
USC00193624,HINGHAM,MA,42.2269,-70.9125,35,29,1996-97,2024-25,43.4,45.6,22,28.2,8,10.4,12.4,16,5,7.4,9,12,4,7,7,10,3,5,6,8,2,4,5,6
USC00194502,MARBLEHEAD,MA,42.5008,-70.8644,84,27,1996-97,2025-26,33.5,42,10,13,7,9,12,16,5,7,9,14,5,6,6.4,12,3,4.8,5,12,2,3,4.4,9
USC00194744,MIDDLETON,MA,42.5933,-71.0186,110,29,1996-97,2025-26,43,48.7,16,20.8,8,10.4,13,15,7,8.4,10,12,5,7.4,8,12,4,5,5.4,12,3,4,4.2,6
USC00194760,MILFORD,MA,42.1633,-71.5119,280,25,1996-97,2025-26,44.4,44.9,15,20.2,9,11,11,14,7,8,8.6,12,6,7,8,8,4,5,5.6,7,3,4,4,5
USC00195285,NEWBURYPORT,MA,42.8319,-70.9153,55,24,1996-97,2025-26,48.9,55.6,19.5,26.4,10.5,13,15,19,9,10.4,11,13,5.5,9,9,12,4,7,7.7,11,3,4.4,5,6
USC00195524,NORTHBRIDGE 2,MA,42.115,-71.6761,315,26,1996-97,2024-25,38.7,39.9,11.5,17,8,10,12.5,14,6,9,9,13,5,6,7.5,10,3,5,5.5,7,2,3,4,5
USC00195984,NORTON W,MA,41.9928,-71.1667,95,30,1996-97,2025-26,41.6,45,16.5,23.4,8,11,13.1,17,6,7.2,9.1,14,5,6,7.1,13,3,5,6,10,2,3,4,7
USC00198368,NWS BOSTON/NORTON,MA,41.9561,-71.1394,85,30,1996-97,2025-26,40.2,44.7,19,24.4,8.5,10.2,13,16,6,7,8.3,14,5,6,7,14,3.5,5,6,10,2,3.2,4,7
USC00196938,ROCHESTER,MA,41.785,-70.9175,65,26,1996-97,2024-25,25.8,26.5,8.5,13,5,8,10,11,4.5,6,7.5,9,3,4,5.5,8,2,4,4.5,7,2,3,3.5,4
USC00198278,SUNDERLAND,MA,42.4447,-72.5528,230,29,1996-97,2025-26,38.7,42.7,21,29,9,11.4,14,18,6,8,9.4,14,5,6.4,8,11,4,5.4,6.2,9,2,3,3.2,5
USC00198757,WALPOLE 2,MA,42.1608,-71.2461,170,29,1996-97,2025-26,54.2,53.5,23,30,9,12,14,17,7,10,11.2,14,5,7.4,8.2,13,4,6,6.2,11,3,4,4,6
USW00094746,WORCESTER,MA,42.2706,-71.8731,1002,30,1996-97,2025-26,65.2,69.2,25,31,12,13.2,15.2,20,9,10.2,12.3,17,7,9,9,14,6,7.2,9,11,3.5,5,7,7
USW00013701,ABERDEEN PHILLIPS FLD,MD,39.4717,-76.1697,57,29,1996-97,2025-26,10,13.2,5,9.4,3,5,6.2,9,2,4,5,7,1,3,3,7,1,2,3,6,0,1,1.2,3
USW00093721,BALTIMORE-WASHINGTON INTL AP,MD,39.1733,-76.6842,138,30,1996-97,2025-26,14.4,17.4,8,12,4,5,8,9,2.5,3.2,5,7,1,2.2,3.2,5,1,2,3.1,5,0,1,2,3
USC00180700,BELTSVILLE,MD,39.0303,-76.9314,145,30,1996-97,2025-26,12.1,15.1,7,9.4,4,6,8,10,2,3.2,6,8,2,2,4.1,6,1,2,3,4,0,1,1.1,3
USC00182282,CUMBERLAND 2,MD,39.6419,-78.7561,730,24,1996-97,2025-26,17.2,23,10,15,5,7.4,8,11,4,6,7,8,3,5,5,6,2,4,4,6,1,2,3,4
USC00182336,DAMASCUS 3 SSW,MD,39.265,-77.2319,700,30,1996-97,2025-26,24,27.4,15,17,5,8,9.1,13,4,5,8,10,3,4,6.1,8,2,3,4.2,7,1,2,3,6
USC00182906,EMMITSBURG 2 SE,MD,39.6761,-77.2844,403,27,1996-97,2025-26,21,23.2,9,12.6,6,9.8,10.4,14,4,6.8,9.4,12,3,5,6,8,2,4,4,5,1,2,3,4
USC00181790,HAGERSTOWN 1E,MD,39.6403,-77.6978,532,30,1996-97,2025-26,18.4,23,11,14.2,5,7.2,8.1,12,3.5,6,7,8,2,4,5,7,2,3,3.1,5,1,1.2,2,3
USC00185865,MECHANICSVILLE 5 NE,MD,38.4928,-76.7258,100,24,1996-97,2025-26,9.6,12.6,4,7.4,3,3.4,5.7,7,2,3,3,5,1,2,2,4,1,2,2,4,0,1,1.7,3
USC00185934,MILLERS 4 NE,MD,39.7194,-76.8028,860,30,1996-97,2025-26,26.9,31,16,21.2,6,8,11.2,15,4.5,6.2,8,11,3.5,4.2,6,9,2.5,3,4.1,7,1,2,3,5
USC00186620,OAKLAND 1 SE,MD,39.4131,-79.4003,2420,24,1996-97,2025-26,90.4,99.2,35.5,46.2,15.5,21.4,22,26,12,15.8,17.7,22,10,12.8,16,18,8,11,11.7,14,6,7.4,9,12
USC00187806,ROYAL OAK 2 SSW,MD,38.7153,-76.1908,10,28,1996-97,2025-26,9.9,14.1,6,8,3,4.6,6.3,9,2,3,4.3,8,1,2.6,3.3,5,1,2,3.3,4,0.5,1,1.3,4
USW00014606,BANGOR INTL AP,ME,44.7978,-68.8186,147,29,1996-97,2025-26,70.9,72.5,30,36.4,15,17.4,19,22,11,14,15.2,17,8,10,10.2,15,6,8.4,9.2,11,4,5.4,7,7
USC00170409,BATH,ME,43.9317,-69.8564,25,30,1996-97,2025-26,58.3,66.5,27,32,14,16.2,18.1,25,11,13.2,14,20,8,10.2,11.1,14,6,9.2,10,11,4,6,6,8
USC00170480,BELFAST,ME,44.3953,-68.9894,118,27,1996-97,2024-25,55.5,64.1,23,25,16,17,18,25,11,12.8,16.4,21,7,11,12.4,18,6,9,10.2,15,3,6,7,9
USC00170814,BRASSUA DAM,ME,45.6603,-69.812,1069,29,1996-97,2024-25,99.4,103.4,45,52.4,20,23,23.6,28,15,18,19,23,11,15,16.2,20,9,12,13.2,14,5,7.4,9,11
USW00014607,CARIBOU WFO,ME,46.8706,-68.0172,619,30,1996-97,2025-26,117.7,119.9,64.5,70,22,25,26,31,16,19.2,22.1,25,13,15,17.1,20,10,12.2,13.1,19,6,8.2,10,13
USC00171975,DOVER-FOXCROFT WWTP,ME,45.1872,-69.1842,370,27,1996-97,2025-26,81.5,79.6,31,34.8,18,21,22,24,13,15,15.4,18,10,12,12.4,17,8,9.8,10,13,4,6,6.8,8
USC00172048,DURHAM,ME,43.9997,-70.0964,140,29,1996-97,2025-26,67.7,72.7,30,38,14,17,18,20,10,13.4,15,15,8,9.4,11,13,7,8.4,9,11,4,6,6,8
USC00172602,ELIOT,ME,43.1022,-70.7731,20,27,1996-97,2024-25,42,50.8,15,22.8,10,13.8,16,17,8,10.8,12.4,17,6,8.8,9.4,13,4,7,8,11,3,4.8,5,7
USC00172765,FARMINGTON,ME,44.6986,-70.1619,411,27,1996-97,2025-26,87.4,88.1,31,41.8,15,19,20,22,13,16.8,17,19,10,12,15.4,18,8,9,12.4,14,5,6,6.8,9
USC00172878,FT KENT,ME,47.2386,-68.6119,610,27,1996-97,2025-26,106.7,101.7,40,46.8,23,24,26.4,28,16,18,18.4,26,12,15,16,23,9,12.8,13,17,6,8,9,10
USC00173046,GARDINER,ME,44.2203,-69.7889,133,29,1996-97,2024-25,63.1,66.8,21,29.4,13,16.4,17.4,22,10,13,15,17,9,10.4,11,14,7,9,9.2,10,5,6,7,9
USC00173261,GRAND LAKE STREAM,ME,45.1783,-67.775,295,27,1999-00,2025-26,67.3,71.7,30,33,15,17.6,21,23,11,13,14,19,8,9.8,10,16,7,8,8,13,4,6,6.4,9
USC00173295,GRAY,ME,43.8925,-70.2544,378,30,1996-97,2025-26,73.2,78.1,33.5,40.2,14,17.2,18,20,11,13.2,15,16,8,11,12,12,7,9,9.1,10,4.5,6,6.1,8
USC00173862,HOLLIS,ME,43.6475,-70.675,304,29,1996-97,2025-26,72.5,78.1,32,40,14,16.8,18,19,11,13,14.2,18,8,10,11,16,7,8,9,10,5,6,7,8
USC00174086,JACKMAN,ME,45.6261,-70.2461,1214,30,1996-97,2025-26,99.3,100.5,40,46,22.5,27,28.1,31,15,20,21.1,23,11,14.2,16,19,8.5,11,12.2,17,5,7,8,12
USC00174193,KENNEBUNKPORT,ME,43.3606,-70.4697,20,30,1996-97,2025-26,39.4,48.7,18.5,24,10.5,15,16.1,18,7,11.2,13,14,6,9.2,10.1,12,5,7,8,9,2.5,4,5,7
USC00174324,KINGFIELD,ME,44.9594,-70.1753,598,25,1996-97,2025-26,71.5,78.7,29,33.2,17,21,21,24,12,16,17,22,9,13,14.6,16,7,10,12,12,4,6,6.6,8
USC00174927,MADISON,ME,44.7975,-69.8889,220,26,1996-97,2024-25,69.1,71.8,25.5,30,17,19,19.5,22,12,14,15,17,8.5,11,12,14,7,8,10,10,4,5,5.5,8
USC00175460,MOOSEHEAD,ME,45.5853,-69.7186,1037,29,1996-97,2024-25,93.3,95.7,47,56,20,22.4,25,26,14,16.4,18.2,20,10,13,15,16,8,11,11.2,15,5,7,8,10
USC00175736,NEW SHARON,ME,44.6353,-70.0003,480,30,1996-97,2025-26,78.2,78.8,29.5,34.4,16,19,20,23,12,15,15.1,19,9,11,12.1,16,7,9,10.1,14,4,6,6.1,7
USC00175675,NEWCASTLE,ME,44.0436,-69.5375,213,30,1996-97,2025-26,64,74.4,36,46,13.5,16,18,23,10,12,13,19,8,10,11.1,16,6,8.2,10,13,4,6.2,8.1,11
USW00014764,PORTLAND JETPORT,ME,43.6425,-70.3045,44,30,1996-97,2025-26,55.8,64.1,27,33.2,12,15,16.1,20,9.5,11,13.2,15,7,9.2,10.1,14,6,8,8.1,10,4,6,7,8
USC00177037,RANGELEY,ME,44.9675,-70.6422,1530,30,1996-97,2025-26,118.3,115.1,67,72,21,25,26,31,14.5,20,21,24,11,15.2,17.1,18,9,13,13.1,14,7,8,8.1,13
USC00177479,SANFORD 2 NNW,ME,43.4575,-70.7803,289,27,1996-97,2024-25,43.2,47.3,13,20.4,10,12.8,14.4,19,6,10,12,15,6,8,9,9,4,6,7.8,9,3,4,6.4,7
USC00178965,VAN BUREN 2,ME,47.1664,-67.9397,456,26,1996-97,2025-26,88.2,92,34.5,39,20,22,26.5,32,14.5,18,19,22,12,13,15,21,9,11,13,17,4,8,10,12
USC00179151,WATERVILLE TRTMT PLT,ME,44.5272,-69.6539,62,29,1996-97,2025-26,60,65.2,27,32.2,14,16.4,17.2,22,10,13,13.2,17,8,9,10,12,6,8,8,8,4,5.4,6.2,7
USC00200032,ADRIAN 2 NNE,MI,41.9164,-84.0164,760,24,1996-97,2025-26,27,28.2,18,24,8,11,11,14,5,8,8,9,3,4.4,5.7,8,2,3,3.7,7,1,1,2,4
USC00200146,ALMA,MI,43.3869,-84.6481,728,24,1996-97,2024-25,36.6,38.5,25,31.8,12,14,14.7,16,7,9,9,10,4,6,6.7,8,3,4,5,6,1.5,2.4,3,4
USW00094849,ALPENA CO RGNL AP,MI,45.0717,-83.5644,683,27,1998-99,2025-26,72.6,76.1,53,61.8,15,19.8,24.4,25,12,13,15.8,19,9,11,12.4,15,7,9,9.4,10,4,6.8,7,9
USW00014814,ALPENA WWTP,MI,45.0606,-83.4281,590,25,1999-00,2025-26,59.6,61.7,30,38,16,20.2,21,23,10,14,15,17,8,10,11.6,14,6,8.2,9,11,3,5,6,8
USC00200230,ANN ARBOR U OF MICH,MI,42.2981,-83.6639,813,30,1996-97,2025-26,56.2,60.3,53.5,61.2,12,15,16.3,21,9,12,13,14,6,7.4,10,12,4,6,8,11,2,4,5.1,7
USC00200552,BATTLE CREEK 5NW,MI,42.3678,-85.2633,923,24,1996-97,2025-26,68.7,70.8,45.5,55.4,13,15,15,17,9,12,12.7,14,7,8.8,11,13,6,7.4,8,11,4,5,6,9
USC00207277,BEAVER IS,MI,45.6911,-85.5464,672,26,1996-97,2025-26,81,81.7,35,39,18,23,24.5,31,15,18,19.5,21,11,13,15,17,8,9,11,14,4,7,7.5,9
USC00200710,BENTON HARBOR AP,MI,42.1244,-86.4267,625,29,1996-97,2025-26,69,78.4,30,38.4,11,17.4,19,20,9,15,16,16,7,11.4,14.2,16,6,9.4,11.2,15,3,6.4,7.4,10
USC00200718,BERGLAND DAM,MI,46.5869,-89.5475,1300,27,1996-97,2025-26,182.8,177.9,81,90.8,23,26.8,28,32,18,21,23,24,15,16.8,21.4,22,12,15,17,19,9,12,12.4,14
USC00200779,BIG RAPIDS WTP,MI,43.7072,-85.4819,898,29,1996-97,2025-26,54.4,57,42,48.4,12,14,16.2,19,8,10.4,12.2,17,6,8,10,13,4,6.4,8,10,2,4,4.2,6
USC00200925,BOYNE FALLS,MI,45.1672,-84.9139,728,30,1996-97,2025-26,111.2,110.6,46,53.8,20,23,24.2,29,15,18.2,20,22,13,14,16,18,10,12.2,13,14,6,8,9,11
USC00201468,CHARLEVOIX,MI,45.3172,-85.2672,593,29,1997-98,2025-26,92.2,95.7,50,57,17,20,22,27,12,15,17,20,9,12,13.2,16,7,9,11,13,5,6,6.4,11
USC00201486,CHATHAM EXP FARM 2,MI,46.3414,-86.9242,870,29,1996-97,2025-26,155.7,156,68,78.8,24,26.4,28.4,34,17,22,22.2,30,14,17,18.2,25,12,14,15.2,17,9,9.4,11,12
USC00201492,CHEBOYGAN,MI,45.6522,-84.4725,582,30,1996-97,2025-26,80.2,82.6,40,45,19.5,23,24,27,13,15,17.1,19,10,12.2,13,17,8,9,9,14,4,5.2,6.1,11
USC00201675,COLDWATER ST SCHOOL,MI,41.9622,-84.9925,984,27,1996-97,2025-26,34.6,35.8,21,30,10,15,16,20,7,9,10,13,5,6,6.4,10,2,4.8,5,8,1,2,2.4,4
USC00202094,DETOUR VILLAGE,MI,45.9983,-83.9014,595,29,1996-97,2024-25,68.9,70.6,39,48,18,21.4,23.2,27,12,14,15.2,20,8,9.4,12.2,14,6,7.4,10.2,13,3,4,6,9
USW00094847,DETROIT METRO AP,MI,42.2311,-83.3311,630,30,1996-97,2025-26,41.5,44.3,37,45.2,10,14,15,16,7,9.2,10.2,13,5,7,9.1,11,3,5.2,7.1,9,2,3,4,6
USC00202250,DOWAGIAC 1 W,MI,41.9856,-86.1319,740,27,1996-97,2024-25,61,61.2,29,37,11,14,16,19,8,10,11.4,16,7,8,8,13,5,6,6.8,11,4,4.8,5,8
USC00202423,E TAWAS,MI,44.2839,-83.5036,586,30,1996-97,2025-26,41.5,46.4,28.5,38.2,12,15,16,19,8.5,10.2,12.1,14,5,8,8,9,4,5.2,6.1,7,2,3,4,4
USW00014826,FLINT FCWOS,MI,42.9669,-83.75,770,30,1996-97,2025-26,48.8,52.3,45.5,55,13,16,17,18,8,10,12,13,5,7.2,9.1,11,4,6,7.1,9,2,3,3.2,6
USW00014828,GLADWIN,MI,43.9758,-84.4908,775,30,1996-97,2025-26,47.4,48,27.5,35.2,13.5,16.2,20,23,9.5,12,13.3,17,6,9,10.1,11,4,6,7,8,2,3,4.1,5
USW00094860,GRAND RAPIDS,MI,42.8939,-85.545,875,29,1996-97,2025-26,75.4,77.8,51,57.4,13,16,17,19,9,12,13,14,7,8.8,11,12,6,7.4,8.2,11,4,5,7,8
USC00203391,GRAYLING,MI,44.6453,-84.6992,1151,30,1996-97,2025-26,88.5,86.6,46,52.2,19.5,23.2,24.3,30,14.5,17.2,19.1,21,11,14,16,17,8,11,12,14,4.5,6,6.1,10
USC00203477,GROSSE POINTE FARMS,MI,42.4078,-82.8892,613,24,1996-97,2025-26,21.5,25.4,15.5,19.4,7,10.4,11,14,4,7.4,9.7,12,3,5.4,6.7,9,2,3.4,4,5,1,1,2,3
USC00203661,HASTINGS,MI,42.6419,-85.2881,821,28,1996-97,2024-25,64.9,66.1,48.5,55.6,14,16,17.3,18,10,12,12,13,7,8.6,9.3,11,5,6.6,8,10,3.5,4,5,7
USC00203744,HERMAN,MI,46.6653,-88.3772,1717,29,1996-97,2025-26,203.6,218.6,86,96,25,29.4,32,36,21,25.8,27.2,30,18,21.8,24.2,27,16,19,21.2,23,12,14.4,15.2,21
USC00203823,HILLSDALE,MI,41.9353,-84.6411,1080,24,1996-97,2025-26,36.4,39.5,31,37.2,11,14.4,15,18,6.5,9,10,12,3,5,6.7,11,2.5,4.4,5.7,8,1,2,2.7,5
USW00094814,HOUGHTON LAKE ROSCOMMON CO AP,MI,44.3592,-84.6739,1150,26,1999-00,2025-26,61.5,62.7,44.5,54,16,19,21,23,10,13,14.5,17,7,10,11,13,5.5,8,8.5,10,2.5,4,6,8
USC00204090,IRON MTN-KINGSFORD WWTP,MI,45.7858,-88.0842,1071,29,1996-97,2025-26,60.4,59.3,34,40,16,18.4,19.2,24,11,12.4,14.2,17,7,9,10.2,12,5,6.4,7,8,2,4,5,6
USC00204104,IRONWOOD,MI,46.4656,-90.1892,1430,26,1996-97,2025-26,182.8,186.1,75.5,87,24,27,28,32,19,23,24,26,17,19,20,21,14.5,17,17,18,9.5,12,13.5,14
USC00204257,KALKASKA,MI,44.7281,-85.1728,1035,30,1996-97,2025-26,135.2,131.7,50.5,61,21.5,26,28.2,36,18,21,22.2,25,14,17,18,22,12,14,14.1,19,8,10,10.2,12
USC00204502,LAKE CITY EXP FARM,MI,44.3089,-85.205,1230,30,1996-97,2025-26,68.7,72.4,57.5,64,19,21,23,31,12,15,16.1,21,8,12,13,14,5,8.2,9.1,11,2.5,5,5.1,9
USC00204655,LAPEER WWTP,MI,43.0608,-83.3075,820,24,1996-97,2025-26,36.5,38.6,24.5,28.4,11.5,14,15,19,7,9,10,10,4,6,6.7,8,3,4,5.7,6,1,2.4,3,4
USC00205097,MAPLE CITY 1E,MI,44.855,-85.8353,799,30,1996-97,2025-26,131.6,138.9,66,78.4,18,22,23.2,28,14,17.2,19.1,24,12.5,15,15.1,20,10,12,13,17,7,9,10.1,12
USW00014838,MARQUETTE,MI,46.5458,-87.3794,665,26,1996-97,2025-26,93,96.3,59,67,18,21,22.5,26,13,15,16,18,9.5,12,13,16,8,10,11,13,5,7,8,10
USW00094850,MARQUETTE,MI,46.5311,-87.5483,1525,30,1996-97,2025-26,196.3,200.6,95.5,104.4,22,25,27,28,19,21,22.1,24,15,17.2,19,21,13,15.2,16.1,19,10.5,13,13,14
USC00205488,MILLINGTON 3 SE,MI,43.2836,-83.4792,820,25,1996-97,2025-26,51.1,51.7,34,42.2,14,17,18.6,20,8,10.2,11,13,5,7,7.6,10,3,4,5.6,8,2,3,4,5
USC00205603,MORENCI,MI,41.7217,-84.2147,770,25,1996-97,2024-25,27.3,31.9,27,34.4,9,11,11,13,5,7,7.6,11,3,5.2,6,10,2,4.2,5.6,8,1,2,2.6,6
USC00205690,MUNISING,MI,46.4122,-86.6625,680,28,1996-97,2024-25,171.9,171,81.5,89.6,18.5,22.6,25.6,29,15,19,20,26,14,16.6,18,20,12,14,15,16,9,11,12,13
USW00014840,MUSKEGON CO AP,MI,43.1711,-86.2369,624,27,1999-00,2025-26,74.1,78.5,46,52.8,12,15.8,16,20,10,12,13.4,14,7,9,11.4,12,6,7.8,9,11,4,5,7,7
USC00205892,NILES,MI,41.8406,-86.2658,650,29,1996-97,2025-26,63.7,63.5,35,42,12,15,16.2,17,8,11,13,15,7,8.4,9,13,6,7,7,12,3,4.4,5.2,7
USC00206007,NORTHPORT 2W,MI,45.1322,-85.6472,746,30,1996-97,2025-26,89.7,90.9,61,67.2,16,19,21,25,12.5,14,17,22,9.5,11,12,18,7.5,9.2,10.1,17,5,6,7.1,12
USC00206300,OWOSSO WWTP,MI,43.0161,-84.18,730,24,1996-97,2025-26,34.6,37.1,31,36.8,9,12.4,13.7,17,6,9,10,11,4,6.4,7,9,3,4,4.7,7,1,2,2.7,3
USC00206507,PETOSKEY,MI,45.3725,-84.9767,599,27,1996-97,2025-26,122.8,120.8,46,56.8,18,21.8,25.4,29,14,18.6,20.2,23,11,14,16.4,19,9,10.8,13,17,6,7,9.2,12
USC00206680,PORT HURON,MI,42.975,-82.4194,590,28,1996-97,2025-26,26.1,31.9,18.5,28.6,8,13,14,17,4.5,7.6,9.3,12,3,6.2,7.3,11,2,5,5.3,9,1,2,2.3,4
USC00207222,SAGINAW #3,MI,43.4122,-83.9561,600,25,1996-97,2025-26,32,35,25,34,10,12.4,15,17,6,9,9.6,13,4,6,7,9,2,3.2,5.6,7,1,2,2.6,4
USW00014845,SAGINAW MBS INTL AP,MI,43.5281,-84.0814,662,30,1996-97,2025-26,45.1,49.2,36.5,45.4,13,15.2,18,19,8,10,12.1,15,5,7,8.1,11,4,5.2,7,7,2,4,4.1,6
USW00014847,SAULT STE MARIE SANDERSON FLD,MI,46.48,-84.3581,721,27,1998-99,2025-26,124.6,125.4,82,88.8,20,23,23,24,16,18,19,19,12,15,16,17,11,12,14.4,16,6,8,9,10
USC00208043,TAHQUAMENON FALLS SP,MI,46.6014,-85.2239,745,27,1996-97,2025-26,173.2,167,61,73.4,22,24.8,26.8,35,17,21,23.8,27,14,17.8,18,21,12,14.8,16.4,18,10,11,13,16
USC00208184,THREE RIVERS,MI,41.93,-85.6386,810,30,1996-97,2025-26,37.8,38.3,30,34.4,10,12,13.1,18,6,8,9,12,4.5,5.2,6.1,7,3,4.2,5.1,7,1,3,3,5
USC00208800,W BRANCH 3SE,MI,44.2542,-84.2011,885,30,1996-97,2025-26,49,51.4,36,45.2,14,17,18,23,9,11.2,12.1,14,7,7.2,9,10,4,5,6,8,2,3,4,5
USC00208772,WELLSTON TIPPY DAM,MI,44.2586,-85.9394,650,26,1996-97,2025-26,84,84.6,40,45,17,21,23,24,11,17,18,20,9,13,15,18,7.5,10,11,14,4,6,6.5,9
USC00210075,ALBERT LEA 3SE,MN,43.6064,-93.3019,1230,30,1996-97,2025-26,35.8,37.5,20.5,27.2,10.5,13.2,15,16,7,9,11,12,4.5,7,8,10,3,5.2,6.1,7,1,3,4.1,5
USC00210287,ARTICHOKE LAKE 1 E,MN,45.3856,-96.1258,1098,28,1996-97,2025-26,39.9,43.7,30.5,35.6,11.5,15,16,19,7,10,11.6,15,5,7,7.3,12,3.5,4.6,5,10,2,3,4,4
USC00210355,AUSTIN WASTE WTP FACILITY,MN,43.6542,-92.9739,1199,29,1996-97,2025-26,38.4,39.7,23,29.4,11,13,15.4,17,7,9.4,11.2,14,5,6.4,7.2,11,4,5,6,7,2,3,3.2,5
USC00210667,BENSON,MN,45.3167,-95.6167,1030,24,1996-97,2024-25,33.9,35.9,22.5,27,9.5,12.8,15.7,17,6.5,9.4,10,11,4.5,6.4,7,9,2,5,5,7,1,2,3,5
USC00210939,BRAINERD,MN,46.3433,-94.2086,1180,28,1996-97,2025-26,44.8,47.1,28,32.2,12,15.6,17,21,7,11,12.3,14,6,8,9,11,4,6,8,9,2,3,4,6
USC00210989,BRIMSON 2S,MN,47.2472,-91.8625,1486,29,1996-97,2025-26,64.2,67.5,40,49.4,17,22,23,25,11,14,16,20,8,10.4,12,13,5,7,8,9,3,4,4.2,6
USC00211198,CALEDONIA,MN,43.6308,-91.5028,1131,29,1996-97,2025-26,40.9,41.5,27,35,12,14,16,19,7,10,10.2,12,5,7,7.2,9,3,5.4,6,7,1,2,3,3
USC00211263,CANBY,MN,44.7183,-96.2697,1210,30,1996-97,2025-26,44.5,47.7,19.5,28,11,15.2,16,18,7,10,13.1,15,6,7.2,8.1,12,3.5,6,7,10,3,4,5,7
USC00211374,CASS LAKE,MN,47.3847,-94.6147,1296,25,1996-97,2025-26,47.8,48.7,32,40.6,13,16.2,17.6,19,9,10.2,11,14,6,8,9.6,11,4,6,6.6,9,2,3,4,5
USC00211448,CHANHASSEN WSFO,MN,44.8497,-93.5644,946,30,1996-97,2025-26,49.4,53.7,37.5,45.6,12.5,15,18.1,20,7.5,11,12,12,6,8,9.1,11,4.5,6,7,9,2,4,5,7
USC00211630,CLOQUET,MN,46.7053,-92.5239,1265,28,1996-97,2025-26,64.7,62.8,47.5,57.6,14,18.6,20,21,10,12.6,14.3,15,7.5,9.6,11.3,13,5,7.6,9,11,3,4,5,7
USC00211691,COLLEGEVILLE ST JOHN'S,MN,45.5794,-94.3919,1210,28,1996-97,2025-26,51,53.4,28.5,36.2,11.5,15.6,18,21,8.5,11,12.3,14,6.5,9,10.3,12,4.5,7,9,12,2.5,4,5,7
USC00212038,DAWSON,MN,44.9317,-96.045,1055,27,1997-98,2025-26,35.9,41.3,15,20.8,11,14,15.4,18,7,9.8,11.4,14,4,6.8,9.4,11,4,6,7.4,9,1,4,5,5
USW00014913,DULUTH,MN,46.8369,-92.2097,1542,30,1996-97,2025-26,84.4,85.7,60.5,69,17,20.2,21,26,12,16.2,17.1,24,9,12,15,16,6.5,10,11,13,4,6,7.1,10
USC00212486,ELGIN 2SSW,MN,44.0969,-92.2703,1110,27,1997-98,2025-26,41.5,43.1,34,42,11,15,16,18,7,9.8,10.4,12,5,7,8,9,3,5,6.4,7,2,3,4,4
USC00212721,FARIBAULT,MN,44.3092,-93.2661,970,27,1996-97,2025-26,42.8,41,19,25.6,11,14,15.4,17,8,10,11,12,5,7.8,9,9,4,6,7,8,2,3,3.4,6
USC00212842,FLOODWOOD 2E,MN,46.9203,-92.8667,1261,25,1996-97,2025-26,50.3,55.3,30,36,15,20.2,21,23,9,12,14.6,16,6,9.2,11.6,14,5,6.2,7,9,2,3,4,6
USC00212881,FOREST LAKE 5NE,MN,45.3317,-92.8983,905,27,1996-97,2025-26,42.6,50,33,42.8,12,16,17.4,22,7,10,12.4,15,6,8,9,11,4,5.8,7.4,9,2,3.8,4.4,7
USC00213290,GRAND MEADOW,MN,43.7047,-92.5644,1350,30,1996-97,2025-26,51,49.2,29,35.2,13,18,19,20,8,11,13,13,6,8,10,11,4,5.2,6.1,9,2,3.2,4.1,6
USC00213303,GRAND RAPIDS FORESTRY LAB,MN,47.2436,-93.4975,1310,26,1996-97,2025-26,51,55.3,45,61,13,17,18,25,10,11,13,18,6.5,9,11,12,4.5,7,7,10,2,3,4,5
USC00213311,GRANITE FALLS,MN,44.8133,-95.5517,930,24,1997-98,2024-25,51,51.3,24,28.4,12.5,14.8,17.7,23,9,12,12,13,6,8.4,9.7,11,4.5,6,7.7,10,2.5,4,5,6
USC00213417,GUNFLINT LAKE 10 NW,MN,48.1603,-90.8842,1455,25,2000-01,2025-26,70.8,66.6,42,49.2,18,23,24,30,13,15,16,16,8,11,11,11,5,7,8,9,2,4,4,5
USC00213567,HASTINGS DAM 2,MN,44.7597,-92.8689,680,27,1996-97,2025-26,37.5,41.7,20,24,12,14,16,17,8,10.8,12.4,14,5,7,8.8,11,4,5,6.8,9,2,3,3,4
USW00014918,INTL FALLS INTL AP,MN,48.5594,-93.3956,1157,28,1996-97,2025-26,65.3,68.6,56.5,71.6,16.5,20,22.3,23,11,13.2,15,18,8,11,11.3,15,5,7,8,12,3,5,5,7
USC00214418,LA CRESCENT DAM 7,MN,43.8658,-91.31,647,30,1996-97,2025-26,33.4,34,18,24,10,13,13.1,17,7,8,11,12,4,6,8,8,3,4.2,6.1,7,1,2,3,5
USC00214534,LAKE WILSON,MN,43.9989,-95.9492,1653,28,1996-97,2025-26,42.4,43.4,15.5,20,11,14,16,24,7,10.6,11.6,16,6,7.6,8.6,11,4,5,7,8,2,4,4,6
USC00214453,LAKEFIELD 2NE,MN,43.7022,-95.1519,1530,30,1996-97,2025-26,42.2,45.1,34.5,42.4,11,15.2,17.1,18,8,11,12.2,15,5,8,9,11,3.5,5,7,10,2,3,4.1,6
USC00214546,LAMBERTON SW RSCH & OUTREACH C,MN,44.2394,-95.3153,1140,28,1996-97,2025-26,36.6,43.3,22,28.6,10.5,14,15.3,19,7,9.6,11,14,5,7.6,8.3,12,3,5.6,7,10,2,3.6,4.3,7
USC00214861,LONG PRAIRIE,MN,45.9647,-94.8892,1340,28,1996-97,2025-26,50.2,53,37.5,42.6,12,15,18,19,7.5,11,12,15,6,8.6,9.3,11,4.5,7,8,10,2,4,4.3,5
USC00214994,MADISON WWTP,MN,45.0022,-96.1661,1075,27,1997-98,2025-26,36.7,42.9,20,26.6,9,12.8,13.4,15,6,8.8,9.4,12,5,6.8,7,11,3,5,6.4,10,2,3,4,6
USC00215204,MARSHALL,MN,44.4717,-95.7903,1149,28,1996-97,2025-26,39.2,43,22.5,26.6,10.5,13.6,15,17,7,10,11.3,13,5,6.6,9.3,11,3,6,6.3,9,2,3,4.3,7
USC00215325,MELROSE,MN,45.6772,-94.8019,1190,24,1996-97,2025-26,38.8,40.6,19.5,24.4,11,15.4,16,19,7.5,11,11.7,14,5,8.4,9.7,11,3.5,6,6.7,8,2,3.4,4,6
USC00215400,MILAN 1NW,MN,45.1219,-95.9269,1020,30,1996-97,2025-26,41.8,49.3,26,29,12.5,15,16,22,7.5,10.2,11.1,18,5.5,8.2,9.1,15,3.5,6,6.2,11,2,4,5,6
USW00014922,MINNEAPOLIS-ST PAUL INTL AP,MN,44.8853,-93.2314,835,26,1996-97,2025-26,45.1,50,34.5,46,11,14,15.5,18,8,11,11,12,5,8,9,11,4,6,8,9,2,4,4.5,6
USC00215482,MINNEOTA,MN,44.5561,-95.9806,1167,24,1998-99,2025-26,42.2,42.8,13,19.4,10,11.4,13,17,8,9.4,10.7,14,6.5,8,8,12,4.5,6,6.7,9,2,4,5.4,9
USC00215488,MINNESOTA CITY DAM 5,MN,44.16,-91.8125,670,30,1996-97,2025-26,35,35.7,19,27.2,9.5,13,14.1,16,6,9.2,10.1,12,4.5,6.2,8,10,3,4.2,6.1,8,1.5,3,3,5
USC00215615,MORA,MN,45.8775,-93.3147,1018,27,1996-97,2024-25,42.3,47.5,26,31.8,13,16,17.4,22,8,11.8,13,16,5,9,10,11,4,6,7,8,2,3,4.4,7
USC00215638,MORRIS W CNTRL RSCH & OUTREACH,MN,45.59,-95.8744,1140,29,1996-97,2025-26,37,40.7,33,38.4,12,14,16,19,8,9,11.2,14,4,6.4,8,13,3,4.4,6.2,8,1,2,3,4
USC00215838,NEW HOPE,MN,45.01,-93.3792,910,28,1996-97,2025-26,50.2,54.1,41.5,48,13,15,18,19,8.5,11.6,12,12,6,8.6,10,11,3.5,7,8,9,2,4,5,7
USC00215902,NEW YORK MILLS,MN,46.5203,-95.3372,1415,24,1996-97,2025-26,44.3,47.5,29.5,36.4,11.5,14.8,19,20,8,10.4,12.7,15,5,9,10,12,4,6.4,7,10,2,4,4,7
USC00216287,OWATONNA,MN,44.0975,-93.2317,1140,29,1996-97,2025-26,41.4,41.7,18,24,11,15.4,16,17,7,11,11.2,13,6,8.4,9,10,4,6,7.2,9,2,3,4.2,7
USC00216565,PIPESTONE,MN,44.0139,-96.3253,1658,27,1997-98,2025-26,35,39.1,19,26.4,12,14.6,15,24,7,10,12.4,15,5,7,9,12,4,4.8,6.4,8,1,3,3.4,5
USC00216654,PRESTON,MN,43.6725,-92.0747,930,30,1996-97,2025-26,39.4,40.4,28,35.2,10.5,13,14.1,18,7,9,10,11,5,7,8,9,3.5,5.2,6,6,2,3,4,5
USC00216817,RED WING,MN,44.5714,-92.5283,688,26,1996-97,2025-26,36.6,38.9,20,32,10.5,14,14.5,20,6,10,10.5,15,4.5,7,8,9,4,5,6,7,2,3,4,5
USC00216822,RED WING DAM 3,MN,44.6097,-92.6097,683,27,1997-98,2024-25,30.4,34.2,16,22.6,11,13.8,14,15,7,10,11,13,4,7,8,9,3,4.8,5.4,7,1,2,3,6
USW00014925,ROCHESTER INTL AP,MN,43.9039,-92.4919,1306,30,1996-97,2025-26,49.2,49.8,32,44,12,14,16.2,18,8,11,12,14,6,8.2,9,10,4,6,7,9,3,3.2,5,6
USC00217184,RUSHFORD,MN,43.8053,-91.75,770,25,1997-98,2025-26,27.1,30.7,12,19,9,13.2,15,18,6,9.2,11.6,15,4,6,8,10,3,5,6.6,8,2,3,3.6,4
USC00217502,SANTIAGO 3 E,MN,45.5458,-93.7572,1010,29,1996-97,2025-26,40.2,45.9,22,33.8,12,15,17,19,7,11,14,16,5,8.4,10.2,14,4,7,7.2,10,2,3,5.2,6
USW00014926,ST CLOUD RGNL AP,MN,45.5442,-94.0517,1018,29,1997-98,2025-26,44.3,46.5,34,43.4,11,14.4,16.2,19,8,11,12,14,5,8,9.2,10,3,6,7,9,1,3,4,5
USC00217326,ST JAMES WWTP,MN,43.9903,-94.6122,1070,26,1998-99,2025-26,43.3,46.4,20,29,12,16,17,20,7,12,13,15,5.5,8,9,11,4,6,7.5,10,2,4,4,7
USC00217405,ST PETER,MN,44.3222,-93.9656,795,26,1997-98,2025-26,38.5,36.1,15,19,8.5,12,12,16,6,8,9.5,13,5,6,7,10,3,5,6,7,2,3,3.5,5
USC00218227,THEILMAN 1SSW,MN,44.2811,-92.1944,753,26,1997-98,2025-26,45,44.6,20,27,11,14,15.5,18,7,10,10.5,13,6,8,8.5,11,4,6,7,8,2,3,4,6
USC00218323,TRACY,MN,44.2394,-95.6308,1400,25,1996-97,2025-26,48.4,47.7,18,24.2,11,15,16.2,19,9,11.4,13.6,15,7,8.2,11,13,4,7,7,10,3,4,4.6,9
USC00218692,WASECA S RSCH & OUTREACH CTR,MN,44.0706,-93.5264,1147,29,1996-97,2025-26,45.7,48.5,32,39.4,13,16,17,20,8,13,13,14,5,9.4,10.2,12,4,6,8.2,9,2,4,4.2,6
USC00218808,WELLS,MN,43.7467,-93.7367,1135,27,1997-98,2025-26,35,38.9,19,25.8,11,13.8,16,17,8,10,11.4,16,5,8.6,9.4,13,4,6.6,7,9,2,3,4,6
USC00218907,WHEATON,MN,45.8081,-96.5042,1018,28,1997-98,2025-26,38.4,39.9,22.5,31,11,13,14.3,18,6,9,10.3,13,4,6,9,9,3,4.6,7,8,2,3,3.3,6
USC00218986,WILD RVR SP,MN,45.5231,-92.7489,840,24,1999-00,2025-26,38.7,42.9,20.5,28,10,15,18.1,19,6.5,10.4,13,15,5,8.4,9.7,11,3,5.4,6,9,2,3,4,6
USC00219046,WINNEBAGO,MN,43.7639,-94.1661,1110,29,1996-97,2025-26,41.5,44.3,22,28,12,15,17.2,19,8,10.4,12,14,5,8,10,13,3,5.4,7,10,2,4,5.2,7
USC00219072,WINONA DAM 5 A,MN,44.0875,-91.6703,663,29,1997-98,2025-26,35.9,37.4,20,25,12,14.4,15.2,20,7,10,11.2,14,5,7.4,8.2,10,3,4.8,6.2,7,2,3,3.2,5
USC00219134,WOLF RIDGE ELC,MN,47.3825,-91.1972,1439,28,1996-97,2025-26,81.4,85.2,47.5,57.8,16,19,21.3,25,11.5,15.6,17.3,19,9.5,13,14,16,6,10,11.3,13,4,6.6,7.3,10
USC00219170,WORTHINGTON 2 NNE,MN,43.6453,-95.5803,1568,28,1996-97,2025-26,43.5,44.5,24,33,11,16,16,21,9,12,13.3,15,5.5,8,11,12,3.5,6,6.3,10,2,3,4,5
USC00219173,WRIGHT 3 E,MN,46.6803,-92.9542,1330,25,1996-97,2025-26,50.6,51.3,29,40.4,14,16.2,18.6,23,9,11,12,15,6,8,9,12,4,5.4,7,11,2,3,4,6
USC00230204,APPLETON CITY,MO,38.1894,-94.0244,867,25,1996-97,2025-26,8,9.7,5,8.2,3,5,6.6,8,1,3,4,8,1,2,3,4,1,2,2,4,0,1,1,2
USC00231145,BUTLER 4W,MO,38.2611,-94.405,790,27,1996-97,2025-26,8.3,9.5,7,11,2,4,7,9,1,3,3.4,8,1,2,2.4,7,0,1.8,2,4,0,1,1,2
USC00231189,CALIFORNIA,MO,38.6278,-92.5567,879,27,1996-97,2025-26,8.2,9.4,5,8.8,3,4.8,6,7,2,3,4,5,1,2,2,5,1,1,2,2,0,1,1,2
USC00231275,CANTON L&D 20,MO,40.1439,-91.5158,490,24,1996-97,2025-26,5.1,8.9,4.5,10,2.5,4.4,6,9,1.5,4,4,6,0.5,2,3,4,0,1,2,3,0,1,1,2
USC00231340,CARROLLTON,MO,39.3594,-93.4886,705,24,1996-97,2025-26,8.5,10.9,6.5,8.4,3,5.4,6,8,2,3,4.7,6,1,2.4,3.7,5,1,1,2,4,0,1,1,2
USC00231580,CHILLICOTHE 2S,MO,39.775,-93.5358,780,27,1996-97,2025-26,11.9,13.5,8,11,4,7,8,9,3,4,5,7,1,2,3.4,5,1,2,2,3,0,1,1,1
USC00231773,COLOMA,MO,39.5317,-93.5289,834,26,1996-97,2025-26,13,13,6,9,4.5,6,7,9,2.5,3,4,7,2,2,3,4,1,2,2,3,0,1,1,1
USW00003945,COLUMBIA RGNL AP,MO,38.8169,-92.2147,893,30,1996-97,2025-26,12.2,15.1,11,13,4,6,7,9,2,4,4,8,1,2.2,4,5,1,2,2.1,5,0,1,1,4
USC00231822,CONCEPTION,MO,40.2394,-94.6833,1108,24,1996-97,2025-26,15.9,19.8,8.5,14.8,5,7.8,10,13,3.5,5.4,7,9,2.5,3.4,5,6,1.5,3,4,5,1,1.4,2,5
USC00231837,CONCORDIA,MO,38.9783,-93.5703,765,25,1996-97,2025-26,10.7,12.7,8,11,4,6,7,9,2,3.2,4.6,6,1,3,3,4,1,2,2.6,3,0,1,1,2
USC00233838,HIGGINSVILLE,MO,39.0733,-93.7075,836,25,1996-97,2025-26,10.1,12.6,8,11,4,6,7,8,2,4,5,6,1,3,4,4,1,2,3,3,0,1,1,2
USC00234136,IBERIA,MO,38.0997,-92.3097,938,24,1996-97,2025-26,5.9,7.2,5,8.4,2.5,4.4,5.7,7,1,3,3,6,1,1,2,4,0,1,1,2,0,0,1,1
USW00003947,KANSAS CITY INTL AP,MO,39.2975,-94.7308,1008,30,1996-97,2025-26,14.4,17.4,12.5,16.2,5,7,8.1,10,3,5,5,6,1.5,3.2,4,5,1,2,3,5,0,1,2.1,4
USC00234919,LICKING 4N,MO,37.5544,-91.8833,1180,24,1996-97,2025-26,8.8,10.2,5,7,3.5,4,5.7,8,1,3,3,6,1,2,2,3,1,1,2,3,0.5,1,1,3
USC00235027,LOCKWOOD,MO,37.3908,-93.9492,1077,28,1996-97,2025-26,11.6,12.2,7,11.6,3,5,5.3,7,2,3,4,5,1,2,2,4,1,1.6,2,3,0.5,1,1,2
USC00235307,MARSHFIELD 4 WSW,MO,37.3233,-92.9828,1414,25,1996-97,2025-26,5.4,7.6,5,7.2,2,4,4,7,1,2,3,6,1,1.2,2,5,0,1,1,5,0,1,1,3
USC00235492,MEMPHIS,MO,40.4572,-92.1819,696,27,1996-97,2025-26,16.8,18.7,10,13.8,6,9,9.4,15,4,6,6.4,9,2,4,5.4,7,1,2.8,3.4,7,0,1,2,4
USC00235987,NEVADA WTP,MO,37.8394,-94.3739,871,24,1996-97,2025-26,6.8,7.5,4.5,7,2,4,5.7,7,1,2.4,3.7,6,0,2,2.7,3,0,1,1,3,0,0,1,1
USC00236563,PATTONSBURG 2S,MO,40.0147,-94.1294,825,24,1996-97,2025-26,15.8,18.8,10,13.4,5,7,9,13,3,5,6,7,2,4,4.7,6,1,3,3.7,5,0.5,1,2,3
USC00236641,PERRYVILLE WTP,MO,37.7342,-89.92,502,29,1996-97,2025-26,6,5.9,3,4.4,1,2.4,3,5,1,1,2,3,1,1,1,3,1,1,1,1,0,1,1,1
USC00236745,PLEASANT HILL WFO,MO,38.8106,-94.2644,1004,29,1996-97,2025-26,15.6,16.4,11,15,5,6,7,9,2,4,5.2,7,2,3,4,5,1,2.4,3,4,0,1,2,3
USC00237263,ROLLA MISSOURI S&T,MO,37.9567,-91.7761,1173,27,1996-97,2025-26,16.3,16.3,16,20,5,5,7,8,3,4,5,5,1,3,4,5,1,2,2.4,4,0,1,1,2
USC00237514,SALISBURY,MO,39.4247,-92.8106,730,27,1996-97,2025-26,15,14.9,7,11.8,4,6,7.4,8,3,4.8,5.4,7,2,3,4,4,1,2.8,3,4,1,1,1,2
USC00237578,SAVERTON L&D 22,MO,39.6361,-91.25,472,26,1996-97,2025-26,5.8,8,3.5,8,2,4,5.5,7,1,2,4,5,1,1,2.5,4,0,1,2,3,0,1,1,2
USC00237632,SEDALIA WTP,MO,38.6753,-93.2228,780,25,1996-97,2025-26,9.4,11.6,5,8,3,5.2,7.8,9,2,4,5.6,8,1,2.2,3,4,1,2,2.6,3,0,1,1,3
USC00237720,SHELBINA,MO,39.6828,-92.0464,747,25,2000-01,2025-26,15,15.5,10,12.4,4,6.2,7.6,10,3,4.2,6.2,7,2,3.2,4,5,1,3,3,4,0,1,1,3
USW00013995,SPRINGFIELD,MO,37.2353,-93.4006,1375,29,1996-97,2025-26,12.8,13.1,9,12.4,3,5,6,9,2,2.4,3,7,1,2,2.2,4,1,2,2.2,3,0,1,1.2,3
USW00013994,ST LOUIS LAMBERT INTL AP,MO,38.7525,-90.3733,531,30,1996-97,2025-26,14.2,16.1,14,18.2,4,6,7.1,10,2.5,3,4,8,1,3,3.1,6,1,2.2,3,3,0,1,1,3
USC00237452,ST LOUIS SCI CTR,MO,38.6308,-90.2708,515,25,1996-97,2025-26,5,6.7,5,8.2,2,3.2,5,9,1,2,2,4,0,1,2,4,0,1,1,3,0,1,1,1
USC00238184,SUMMERSVILLE 3 SE,MO,37.14,-91.6269,1236,27,1996-97,2025-26,6.5,8.5,4,6,2,3.8,4,7,1,2,3,7,1,1,2,5,1,1,1.4,3,0,1,1,3
USC00238577,VANDALIA,MO,39.3075,-91.4925,764,25,1997-98,2025-26,13.7,14.4,7,9.2,5,6,7,10,3,3.2,5.2,7,1,3,3,4,1,2,2,4,0,1,1,2
USC00240075,ALBERTON,MT,47.0036,-114.4781,3060,24,1999-00,2025-26,50.2,48.7,38.5,51.4,12,16,17.7,19,7,11,12,13,5,7,9,10,4,4.4,6,8,2,3,3.7,5
USC00240636,BELLTOWER,MT,45.6947,-104.3856,3234,27,1996-97,2025-26,25.2,28.1,13,15.8,9,12.6,14.4,17,5,7.8,9.8,11,3,5,7.4,9,2,4,4.4,6,1,2,2.4,3
USW00024033,BILLINGS INTL AP,MT,45.8072,-108.5461,3590,30,1996-97,2025-26,55,57.1,37,48,12.5,15.2,17.1,21,9,12,14,16,6,9.2,11,13,4,7,8.1,11,3,4,5.1,11
USC00240802,BILLINGS WTP,MT,45.7717,-108.4811,3097,25,1997-98,2025-26,34.5,33.8,19,27,9,12,12.6,15,6,9,9.6,12,4,5,6.6,11,3,4,5.2,8,1,2,3,6
USC00241044,BOZEMAN MONTANA STATE UNIV,MT,45.6622,-111.0464,4913,30,1996-97,2025-26,91.2,95.7,53,65.4,21,26,28.1,29,14.5,19,20.1,22,12,14.2,16.1,19,8,12,13.1,17,4,7,8.1,10
USC00241081,BRADY 27 ENE (THE KNEES),MT,48.075,-111.2603,3325,27,1996-97,2025-26,45.5,43.3,20,23,14,17,19.4,22,9,11,12.4,14,6,8,8,8,4,5,6,7,2,2,3,4
USC00241084,BRANDENBERG,MT,45.8161,-106.2328,2770,27,1996-97,2025-26,38,40.8,28,34.6,12,15,16.4,20,7,10,11,12,4,6,7,8,3,5,5,7,1,2.8,3,5
USC00241102,BRIDGER 2 N,MT,45.3261,-108.9092,3583,27,1997-98,2025-26,27.6,29.6,11,17.8,10,13,14,21,7,10,11.4,16,5,7.6,9,13,2,4,6.2,10,1,1.8,2,7
USC00241297,BUSBY,MT,45.5397,-106.9597,3430,28,1996-97,2024-25,52.2,53.7,29.5,38.6,15.5,18,19.3,24,10,13,14,15,6,8,9.3,11,4,6,7,10,2,3,5.3,7
USC00241518,CARLYLE 13 NW,MT,46.7444,-104.3092,3145,24,1996-97,2024-25,49.5,55.6,36.5,48.2,16,19.8,22.7,25,9.5,14,14,18,7,9,9.7,10,5,6,7,9,2,3,4,5
USC00241722,CHINOOK,MT,48.5883,-109.2267,2420,29,1996-97,2025-26,30.1,33.5,19,24.4,11,14,14,16,7,8.4,10,12,4,5.4,8,9,2,4,5,7,1,2,2.2,5
USC00241737,CHOTEAU,MT,47.8206,-112.1922,3845,27,1997-98,2025-26,37.3,45.6,32,40.8,11,15,17.4,20,7,10,11.8,14,5,7,8,11,3,6,7,9,1,2.8,5,7
USC00241938,COLUMBUS,MT,45.6444,-109.2675,3602,28,1997-98,2025-26,45.4,49.7,32,39.6,11.5,16,17,20,8,11.6,12.3,14,6,8,9,12,4,6.2,7,9,2,4,5,8
USC00241974,CONRAD,MT,48.1736,-111.9503,3550,27,1996-97,2024-25,43.4,48,24,30.8,14,17.8,19.4,22,8,11,12.8,16,6,7,9.4,12,4,5.8,6,10,2,3.8,4,8
USC00242104,CRESTON,MT,48.1881,-114.1339,2935,24,1996-97,2025-26,43.9,50.6,28,36.4,12,15,17.7,22,8,12,12,16,5.5,7.4,9,12,4,6,7,10,2,3,3.7,5
USC00242550,DUNKIRK 19NNE,MT,48.7167,-111.4758,3323,24,2001-02,2025-26,31,34.5,27,36.8,9,12.4,14.4,18,6,7.4,8.7,13,4,5.4,6.7,10,2,3.4,4.7,7,1,2,3,4
USC00242689,EKALAKA,MT,45.8864,-104.5478,3432,25,1997-98,2025-26,44.6,53,38,49,12,16.2,18.6,22,7,10,11,13,5,8,9,10,4,5.2,7,8,2,3.2,4,6
USC00242793,ENNIS,MT,45.3394,-111.7122,4953,29,1996-97,2025-26,44.2,47,29,34.8,14,17,18,18,9,12.4,13.2,14,5,7.4,10,11,3,5,6,7,1,3,3.2,6
USC00243098,FORSYTH,MT,46.2722,-106.6756,2515,30,1996-97,2025-26,32.5,35.1,20.5,28.4,10.5,14.4,17,21,7,9.2,11.1,14,4,6.2,8,13,3,4.2,6,8,1,2,2.1,6
USC00243113,FT BENTON,MT,47.8303,-110.6611,2649,30,1996-97,2025-26,36.2,36.3,29,40.4,9,14.2,15.1,17,6.5,9,11,12,4,6,8,10,3,4.2,5,8,1,2,3.1,5
USC00243346,GALATA 16 SW,MT,48.2922,-111.5683,3550,24,1997-98,2025-26,42.9,45.3,18.5,27,14,19,21,23,10,15.4,17,18,7,9.4,10.7,11,4.5,6,6.7,10,1,3,4,7
USW00094008,GLASGOW,MT,48.2064,-106.6247,2384,30,1996-97,2025-26,35.5,41.4,36.5,43.4,10,12,13.2,20,6,8.2,9.1,13,4,6,6.2,13,2,4,5,12,1.5,3,4,9
USC00243581,GLENDIVE,MT,47.1058,-104.7175,2075,24,1996-97,2025-26,26.4,25.2,18.5,26.2,8.5,13,13.7,17,4.5,8,8.7,10,3,5,5,5,2,2,3,5,1,1,1,2
USW00024143,GREAT FALLS AP,MT,47.4733,-111.3828,3667,30,1996-97,2025-26,58.6,66.1,44.5,55.2,14.5,18,18.1,23,10.5,13,14,17,7,9.2,12,13,5.5,7.2,9,10,3,4.2,6.1,8
USC00243915,HARDIN,MT,45.7317,-107.6092,2880,27,1997-98,2025-26,27.2,30.1,14,25,7,11,13,16,6,8,8.4,11,3,6,6.4,8,2,4.6,6,6,1,2,3,5
USW00094012,HAVRE AP ASOS,MT,48.5425,-109.7644,2586,25,1996-97,2025-26,36.5,39.3,30,36,10,13,15,19,7,9,11.2,14,5,7,8.6,11,3,4.2,6.2,9,1,3,3,7
USC00244345,HUNTLEY EXP STN,MT,45.9228,-108.2453,3034,28,1997-98,2024-25,31.9,35.5,25.5,30.6,10,12,14,16,6,7,8.6,11,3,5,6.3,10,2,4.6,5,9,1,2,2.3,8
USC00244358,HYSHAM,MT,46.2897,-107.2306,2669,29,1996-97,2025-26,29.7,34.1,17,24.4,10,12,14,17,6,9.4,10.2,13,4,6,7.6,10,3,4,5,7,1,2,2.2,4
USC00244386,INGOMAR 9 E,MT,46.5675,-107.195,2800,26,1996-97,2025-26,25.4,27.6,19,25,10,14,16,17,5.5,9,11,12,3,6,6.5,8,2,3,4,5,1,1,1,2
USC00244558,KALISPELL GLACIER AP,MT,48.3042,-114.2642,2963,25,1996-97,2025-26,45.3,53.7,39,45.2,13,17,17.6,21,8,10.2,12,13,5,7.2,9,9,4,6,7,7,2,3.2,4.6,5
USC00245043,LINDBERGH LAKE,MT,47.4083,-113.7125,4320,30,1996-97,2025-26,130.4,137.3,77,92.4,19,23,23.1,28,14,17.4,20,24,11,14,15.1,19,9,11.2,13.2,16,7,10,11,14
USC00245080,LIVINGSTON 12 S,MT,45.4956,-110.5589,5044,28,1996-97,2025-26,64.7,64,32.5,40,18,22.6,24.3,29,12,14,15,17,6.5,10.6,11,12,5,8,8.3,10,2.5,4,6.3,7
USC00245340,MALTA 35 S,MT,47.8417,-107.9556,2615,25,1996-97,2025-26,33.9,34.1,19,24.2,9,12,13.6,17,6,8,10.2,14,4,6,7,13,3,4,5,6,1,2,2.6,5
USC00245740,MISSOULA 6 NW WFO,MT,46.9244,-114.0911,3197,24,2002-03,2025-26,40.1,41.1,41.5,47.8,11,14.4,16,21,6,8.4,9.7,13,4,5.4,6.7,7,2,4.4,5,7,2,2,3,4
USW00024153,MISSOULA INTL AP,MT,46.9208,-114.0939,3195,30,1996-97,2025-26,39.9,43.2,42,48.2,11,14.2,16,21,6.5,9,10.1,13,4,6,7,8,2,5,5,7,1.5,2.2,3.1,4
USC00245754,MIZPAH 4 NNW,MT,46.2858,-105.2919,2480,24,1996-97,2025-26,28.4,28.5,21.5,26.8,9,12,12.7,15,5,7,7.7,11,3,4.4,5,8,2,3.4,4,7,1,1.4,2,3
USC00245870,MOORHEAD 9 NE,MT,45.1758,-105.7517,3220,27,1996-97,2025-26,24.3,29.2,17,26.6,10,11.8,13.8,15,5,8,9.8,11,4,5.8,8,9,2,3.8,4.4,7,0,1,2,4
USC00245961,MYSTIC LAKE,MT,45.2436,-109.7311,6544,29,1996-97,2025-26,187.3,200.8,60,72,32,37.4,40,43,24,31,32.4,35,19,25,27.4,31,16,21.4,22,27,12,16,18,20
USC00246601,PLEVNA,MT,46.4178,-104.5164,2780,28,1996-97,2025-26,32.5,34,29,36.6,11,13.6,15,17,5.5,8.6,9.3,10,3,5,6,8,2,3.6,4,5,1,2,2,3
USC00246672,PORT OF MORGAN,MT,48.9978,-107.8331,2830,25,1996-97,2025-26,21.7,23.4,18,27.2,8,11.2,13,17,5,6.2,7,10,2,5,5.6,8,2,2,3.6,7,1,2,2,3
USC00246691,POWDERVILLE 8 NNE,MT,45.8525,-105.035,2800,30,1996-97,2025-26,28.2,31.3,20,25,10,12.2,14,17,5,8,10,11,3,4,5,8,2,3,4,7,1,2,2.1,4
USC00246918,RED LODGE,MT,45.1769,-109.2572,5646,24,1996-97,2025-26,131.1,130.2,42.5,53.4,23.5,28.8,32.4,36,17.5,23,24.7,32,15,18,18.7,25,12,14,17.1,21,7.5,11,12,15
USC00247034,RIDGEWAY 1 S,MT,45.5022,-104.4478,3316,29,1996-97,2025-26,48,51.3,21,27.8,16,21,22.2,27,11,14,15.2,19,6,8.4,11.2,14,4,6,7.2,10,2,4,5,6
USC00247263,RYEGATE 18 NNW,MT,46.5333,-109.3442,4440,29,1996-97,2025-26,50.4,54.9,28,34.4,14,18.4,21,28,10,13,15,17,6,9,10.2,14,5,6,7.2,10,2,3.4,4.2,9
USC00247425,SCOBEY 4 NW,MT,48.8356,-105.4747,2390,24,1996-97,2025-26,18.5,22.3,12.5,17.4,7,9.4,11.7,18,4,6,9.1,16,2,4,5,8,1.5,3,3,7,1,2.4,3,4
USC00247500,SHELBY,MT,48.5133,-111.855,3325,30,1996-97,2025-26,28.1,30.8,22,34,10,14.2,17.1,18,5.5,9,10,13,3.5,5,6.1,9,2,4,5,7,0.5,2,3,4
USC00247620,SIMPSON 6 N - WILDHORSE,MT,48.9981,-110.2158,2815,24,1996-97,2025-26,27,30.6,19,22.4,9,12.4,13,16,6,8,8,14,4,5,6,8,2,3.4,4.7,6,1,2,3,4
USC00246640,SKQ DAM,MT,47.6775,-114.2419,2730,24,1996-97,2025-26,31.4,36.2,21.5,30,8,11.4,14.4,17,5.5,7,10,11,3,6,6.7,9,2,5,6,8,2,3,3.7,6
USC00248165,TERRY,MT,46.7939,-105.3022,2250,25,1997-98,2025-26,12.4,17.6,9,16.6,5,8.4,13.6,15,3,6,7.2,10,2,4,6.6,9,1,3,3.6,6,0,1,2,3
USC00248809,W GLACIER,MT,48.5003,-113.9847,3148,27,1996-97,2025-26,107.5,111.5,51,59.6,18,21,22,26,14,16,18.4,23,11,13,15.4,20,9,10.8,12,16,7,7.8,8.8,14
USW00013872,ASHEVILLE,NC,35.5953,-82.5567,2238,30,1996-97,2025-26,7.3,10,9.5,12,2,4.2,5.1,6,1,2,4.1,6,1,2,4,4,0.5,1,2,4,0,1,1,3
USW00003812,ASHEVILLE AP,NC,35.4317,-82.5378,2118,30,1996-97,2025-26,7.7,9,5.5,7.2,2,4,4.1,6,1,2,3.1,5,1,2,3,4,1,1,2,3,0,1,1,3
USC00310982,BOONE 1 SE,NC,36.2139,-81.6456,3100,30,1996-97,2025-26,20.7,21.9,11,15.2,7,8,9.1,12,3,5.2,7,8,2,3,4.1,8,2,2,3.1,7,1,2,2,5
USC00312238,DANBURY,NC,36.43,-80.1789,1019,25,1996-97,2025-26,5.4,8.2,4,6.2,2,3,4.6,5,1,2.2,3,4,1,1.2,2.6,4,1,1,1.6,3,0,1,1,3
USW00013723,GREENSBORO AP,NC,36.0969,-79.9431,902,30,1996-97,2025-26,5.2,7.1,3,6,1,3.2,4.1,6,1,2,3.1,4,1,1.2,2,3,0,1,1,3,0,1,1,2
USC00313976,HENDERSONVILLE 1 NE,NC,35.3297,-82.4492,2160,24,1996-97,2025-26,5.7,5.7,2,4,1,2,3,4,1,2,2.7,4,1,1,1.7,3,0,1,1,2,0,1,1,2
USC00314260,HOT SPRINGS,NC,35.8953,-82.8314,1345,30,1996-97,2025-26,9.3,9.3,6,10,2.5,4.2,5.1,7,2,3,3,5,1,2,2.1,4,0,1,2,2,0,1,1,2
USC00314496,JEFFERSON 2 E,NC,36.4175,-81.4297,2759,27,1996-97,2025-26,11.6,13.5,4,7.8,3,5,5.8,9,2,3.8,4,6,2,2.8,3,3,1,2,2,3,1,1,1,3
USC00314788,LAKE TOXAWAY 2 SW,NC,35.0964,-82.9508,3275,27,1996-97,2025-26,9.3,10.7,4,6.8,2,4,4.4,7,2,2.8,3.4,6,1,2,3,6,1,1,3,4,0,1,1.4,2
USC00315340,MARION,NC,35.6847,-82.0083,1410,26,1996-97,2025-26,5.5,5.9,3,4,1.5,2,2.5,4,1,2,2,2,1,1,1.5,2,0.5,1,1,2,0,1,1,2
USC00315356,MARSHALL,NC,35.8033,-82.6658,1920,24,1996-97,2025-26,22.5,23.5,11.5,14.4,7,9,10.7,12,4.5,6.4,7.7,9,3,4.4,5.7,9,2,4,4,6,1,2,3,5
USC00315890,MT AIRY 2 W,NC,36.4961,-80.6522,1080,28,1996-97,2025-26,5.2,7.2,4,6,2,2.6,4,5,1,2,3,4,0,2,3,4,0,1,2,3,0,0.6,1,3
USC00316341,OCONALUFTEE,NC,35.5156,-83.3056,2040,24,1996-97,2025-26,5,6.2,3.5,5.4,2,3,3.7,6,1,2,2,4,1,1,1.7,2,0.5,1,1,2,0,1,1,1
USC00318694,TRANSOU,NC,36.4003,-81.3053,2834,27,1996-97,2025-26,17,18.5,8,12,5,7,7.4,8,3,5.8,6,7,2,3.8,4.8,6,1,2,4.4,5,1,2,2.4,4
USC00319147,WAYNESVILLE 1 E,NC,35.4867,-82.9681,2658,24,1996-97,2025-26,9.4,10.4,6.5,8.4,3,4,4,6,1.5,3,3,4,1,2,2,4,1,1,2,3,0,1,1,3
USC00319704,YANCEYVILLE 4 SE,NC,36.3772,-79.255,635,25,1997-98,2025-26,6.6,8.1,4,7,2,3.4,5,5,1,2.2,3.6,4,1,2,2,3,0,1.2,2,3,0,1,1,1
USW00024011,BISMARCK,ND,46.7708,-100.7606,1755,30,1996-97,2025-26,44.3,47,39,48.2,10,13.2,16,23,7,9,12.2,17,4,7,9.2,12,3,6,8,9,2,3,5,6
USC00320995,BOWMAN,ND,46.1936,-103.3714,2983,30,1996-97,2025-26,40,42.9,31.5,40.4,10.5,15.2,17.2,24,7,10,11.1,13,4,7,8.1,10,3,5.2,6,8,1,3.2,4,6
USC00321435,CAVALIER 7NW,ND,48.8625,-97.7014,899,28,1996-97,2025-26,37.7,37.8,25,28.6,12.5,15.6,17.3,18,7,10,11.3,16,4.5,7,8.3,11,3,4.6,6.3,8,1,2.6,3,4
USC00321477,CHAFFEE 5 NE,ND,46.7958,-97.2686,953,25,1996-97,2025-26,40.7,41.8,19,25.4,13,17,19,20,7,11.2,12,15,5,8.2,9,12,3,5.4,7,10,1,3.2,5,7
USW00014914,FARGO HECTOR INTL AP,ND,46.9242,-96.812,895,30,1996-97,2025-26,44.5,47.6,40.5,45,11,15,17.2,23,7,10,11.1,14,5,7,8.1,13,3.5,5,7,10,1.5,3,4.1,10
USW00014916,GRAND FORKS INTL AP,ND,47.9428,-97.1831,838,29,1996-97,2025-26,44.2,45.3,41,50.8,11,14,16,20,7,9.4,10,14,5,7,7.4,11,3,5,6.2,10,1,3,4,7
USC00323621,GRAND FORKS UNIV (NWS),ND,47.9217,-97.0975,830,29,1996-97,2025-26,48.1,51.1,44,53.2,12,14.4,15.2,22,8,11,11.2,13,5,8,10,11,3,6,7.4,10,2,4,5,8
USC00323705,GRASSY BUTTE 2ENE,ND,47.4011,-103.2072,2670,26,1996-97,2025-26,40.6,39.8,38.5,42,11.5,14,16,18,6.5,9,10,12,4,6,7,8,3,4,4,5,1,2,2,3
USC00324571,KEENE 3S,ND,47.8967,-102.9208,2470,24,1996-97,2025-26,37.4,37.6,15.5,18,11,13,14.7,17,7,8.4,10,12,5,7,7.7,10,3,5,6,8,2,3,4,5
USC00325230,LITCHVILLE 2NW,ND,46.6611,-98.2267,1482,24,1996-97,2025-26,36.1,45.2,16,23.4,10,16.4,17.7,20,8,11.2,13.7,18,5.5,8,10.4,13,4,5.4,8.1,11,2,4,4.7,6
USC00325638,MAX,ND,47.8214,-101.2922,2110,28,1996-97,2025-26,41.6,48.4,21,28,16,19,22.6,29,10,11,14,19,5,9.6,11,12,3,7.6,9.3,10,2,3,3.6,6
USC00326255,NAPOLEON,ND,46.5111,-99.7725,1980,28,1996-97,2025-26,46.6,52.9,28.5,35.6,13,16,17.6,24,9,11.8,14.3,19,6,8,13,14,4,6,9.3,13,2,4,6,7
USC00326365,NEW SALEM 5NW,ND,46.8925,-101.4897,2150,30,1996-97,2025-26,44.1,43.9,43,53,10.5,13.4,16.3,19,6,9,11.2,16,4,6.2,8,13,3,5,6,7,1,3.2,4,5
USC00327311,PRETTY ROCK,ND,46.1758,-101.8561,2480,27,1996-97,2025-26,46.8,50.9,29,33.6,13,15.8,18.2,25,8,11,12,17,6,8,9.8,13,4,6.8,8,9,2,3.8,5,6
USC00328065,SHIELDS,ND,46.2331,-101.1292,1806,24,1996-97,2025-26,35,43,17,25,13,18.4,20,24,8,12,13.4,15,5,8.4,9,13,4,7.4,8.7,10,1.5,4,5,6
USC00328872,UNDERWOOD,ND,47.455,-101.1461,2045,25,1996-97,2025-26,27.4,38.7,27,33.6,9,12.4,15,17,6,8,10,14,4,6,6.6,13,2,4,5.6,10,1,3,3.6,8
USC00250030,AGATE 3 E,NE,42.4244,-103.7347,4670,27,1996-97,2024-25,33.3,33.4,18,21.8,11,13,13.8,20,6,8,9.4,15,4,6,7,9,2,4,5,7,1,2,3,4
USC00250050,AINSWORTH,NE,42.5467,-99.8517,2518,26,1996-97,2024-25,34,33.5,17.5,21,10.5,13,13,16,6.5,9,9.5,12,4,6,7,9,3,4,5,6,1,2,2.5,5
USC00250070,ALBION,NE,41.6853,-98.0083,1795,24,1996-97,2025-26,22.7,24.2,14,21.8,7.5,9,9.7,11,4,6,7,8,3,4,5,8,2,3,3,7,1,1.4,2,3
USC00250320,ARCADIA,NE,41.4239,-99.1581,2202,26,1996-97,2025-26,24.4,25.9,12.5,17,8,10,11,15,5,7,8,9,3.5,4,5,7,2,3,3,7,1,2,2,3
USC00250420,ATKINSON 3SW,NE,42.5136,-99.0303,2128,24,1996-97,2025-26,28.9,30.3,17,22.8,9,11,13,16,6,7.4,8.7,10,4,6,6,9,3,4,5,6,1,2,3,3
USC00250435,AUBURN 5 ESE,NE,40.3706,-95.7469,968,30,1996-97,2025-26,27.8,29.1,18,24,7,10.2,11.1,13,5,7,8.1,11,3,5,6.1,9,2.5,4,5,6,1,2,3,4
USC00250622,BEATRICE 1N,NE,40.2994,-96.75,1297,25,1996-97,2025-26,16.9,20.2,10,12.2,6,8,8,11,4,6,6,8,3,4,5,6,1,3,4,5,0,1.2,2,2
USC00250640,BEAVER CITY,NE,40.1306,-99.8278,2148,30,1996-97,2025-26,19.6,20.3,9,11.2,7,8,9.1,12,3.5,5,6.1,8,3,4,4,7,2,3,3,6,1,2,2,2
USC00250961,BLUE HILL 4 SW,NE,40.3058,-98.5047,1972,26,1996-97,2025-26,22.2,23.2,11,14,5.5,8,9,12,4,6,7,9,3,4,4,7,2,3,3,5,1,2,2,4
USC00251065,BRADSHAW,NE,40.8794,-97.7508,1715,27,1996-97,2024-25,26,26.4,16,22,7,10,11.4,14,4,7,8,9,3,5,6,7,2,3,3,5,1,2,2,2
USC00251200,BROKEN BOW 2 W,NE,41.4083,-99.675,2504,24,1996-97,2025-26,26.1,28.9,12.5,16,7,9,10.4,13,5.5,7,8.7,11,4,6,6.7,8,3,4,4.7,6,1,2.4,3,3
USC00251345,BURWELL 2WSW,NE,41.7667,-99.1767,2255,26,1996-97,2025-26,28,25.9,13.5,17,8,10,11,12,5,7,7.5,9,3.5,5,5,6,2,3,3,3,1,2,2,2
USC00251415,CAMBRIDGE,NE,40.2844,-100.1419,2255,28,1996-97,2025-26,19.4,21.6,12.5,19,6,8,9,10,4,5.6,6,7,3,4,5,6,2,3,3.3,4,1,1.6,2,2
USC00251450,CANADAY STEAM PLT,NE,40.6944,-99.7008,2362,24,1997-98,2025-26,17.2,17.1,8,12.4,5,7.4,8,10,3,4,5,6,2,3,4,5,2,2,2,4,1,1.4,2,3
USC00251560,CENTRAL CITY,NE,41.1269,-98.0222,1699,24,1996-97,2025-26,30,28.2,14,20.8,6.5,8.4,11.4,13,4,6.4,7,9,3,4,5,6,2,3.4,4,5,1,2,2,2
USC00251575,CHADRON 3SW,NE,42.8083,-103.0533,3351,26,1996-97,2025-26,48.1,48.5,23.5,38,13,15,18,18,9,10,10.5,15,6,8,9,9,4,5,6,6,2,3,4,4
USC00251684,CLAY CTR,NE,40.5208,-98.0536,1788,27,1996-97,2025-26,17.6,18.3,10,15,5,7.8,9,12,3,5,6,9,2,4,4,6,1,2,3,4,1,1,2,2
USC00251680,CLAY CTR 6 ESE,NE,40.5033,-97.9372,1734,28,1996-97,2025-26,20.4,21.1,14.5,19,5,7,8.9,11,3,5,5.3,7,2.5,3.6,4.3,6,1,2.6,3,5,1,2,2,3
USC00251825,COLUMBUS 3 NE,NE,41.4639,-97.3278,1450,30,1996-97,2025-26,20.4,23.4,12.5,18,6,8.2,10,12,3.5,5.2,7,8,3,4.2,5,7,2,3,4,6,1,1.2,2,3
USC00252000,CRESCENT LAKE NWR,NE,41.7608,-102.4378,3818,24,1996-97,2024-25,38.4,39.3,20.5,26,11,14.2,17,19,8,12,12.7,15,5.5,10,11,13,3,7,8,10,1.5,2.4,4.4,6
USC00252020,CRETE 4ESE,NE,40.6092,-96.8719,1460,26,1996-97,2025-26,21,23.5,11,19,6,8,9,12,4,6,6,10,3,5,5.5,10,2,3,3.5,7,1,2,2,3
USC00252037,CROFTON,NE,42.7364,-97.4969,1400,29,1996-97,2024-25,38.7,38.6,25,30,10,11.4,13,14,6,7.4,8.4,12,5,6,7.2,9,3,4.4,5.2,6,2,3,3.2,5
USC00252065,CULBERTSON,NE,40.2317,-100.8303,2581,30,1996-97,2025-26,25.4,23.1,11.5,15,7,9,10,12,5,6,7,8,3,4,5,5,2,3,3.1,5,1,2,2,4
USC00252595,ELGIN,NE,41.9872,-98.0747,1935,29,1996-97,2025-26,29.8,28.8,16,21.4,9,10.4,12,14,6,7,8,9,3,4.4,5,7,2,3,4,5,1,2,2,3
USC00252690,ELWOOD 8 S,NE,40.4767,-99.8861,2400,30,1996-97,2025-26,23.1,23.8,13,18.2,7,8,11.1,13,4,6,7.1,9,3,4.2,5,7,2,3,4,4,1,1,2,3
USC00252715,EMERSON,NE,42.2831,-96.7261,1478,24,1996-97,2025-26,28.5,29,12,14.4,8.5,11,12,13,6,7,8,9,4,5,6,7,2.5,3.4,4,7,1,2,2.7,4
USC00252790,EUSTIS 2 NW,NE,40.6864,-100.0536,2734,29,1996-97,2024-25,28.8,28.6,20,24.4,8,10.4,11,12,4,6.4,7.2,10,3,4.4,6,7,2,3,4,6,1,2,2,3
USC00252820,FAIRBURY 7S,NE,40.0475,-97.1889,1463,29,1996-97,2025-26,17.3,19.9,9,11.8,6,7,8,11,4,5,6,8,2,4,4.2,6,2,3.4,4,6,0,2,2,4
USC00253050,FREMONT,NE,41.43,-96.4669,1180,30,1996-97,2025-26,27.2,28.2,16.5,20.4,7,9.2,12,13,5,6,7,9,3,5,6,7,2,4,4.1,6,1,2.2,3,4
USC00253065,FRIEND 3E,NE,40.6558,-97.2208,1535,30,1996-97,2025-26,22.6,24.6,15,21.2,6,8,9,12,4,5,6,11,3,4,5,8,2,3.2,4,5,1,2,3,4
USC00253175,GENEVA,NE,40.5394,-97.5906,1633,25,1996-97,2025-26,23.2,22.2,10,15,6,9,10.6,12,5,6,6,10,3,4,5,6,2,3,3,6,1,1.2,2,3
USC00253185,GENOA 2 W,NE,41.4514,-97.7644,1590,30,1996-97,2025-26,26.1,27.3,15,24.2,8,9.2,10.1,12,5,6,7,10,3,4,5,6,2,3.2,4,5,1,2,2.1,4
USC00253355,GORDON 6N,NE,42.8967,-102.203,3748,29,1996-97,2025-26,44.1,44.1,22,28.4,15,18.4,19.2,23,9,12.4,14.2,16,6,8,9.2,10,4,6,7,8,2,3,4,5
USW00014935,GRAND IS CNTRL NE RGNL AP,NE,40.9614,-98.3131,1843,29,1997-98,2025-26,26.7,25.8,17,22.4,6,8,9.2,12,4,6.4,7,9,2,4,5,6,2,3,3,4,1,2,2,3
USC00253425,GREELEY,NE,41.5461,-98.5331,2020,28,1996-97,2025-26,28.4,28.5,14.5,16.6,8,10,10,15,5.5,7,8,9,4,5.6,6,8,2,3,4,6,1,2,2.3,3
USC00253461,GRESHAM 3W,NE,41.0311,-97.4703,1624,28,1996-97,2024-25,24,23.1,9,12.6,7,10,11,12,5,7,7.6,9,3,4.6,5,6,2,3,3,5,1,2,2,2
USC00253595,HARLAN CO LAKE,NE,40.0892,-99.2133,2010,26,1996-97,2025-26,12.8,13.9,6,9,4,5,6,7,2.5,4,4,5,1.5,2,4,5,1,2,2.5,5,0,1,1.5,3
USC00253660,HASTINGS 4N,NE,40.6472,-98.3836,1938,30,1996-97,2025-26,28.5,27.5,19.5,25.4,7,9,9.1,12,4,6,6.1,9,3,4,4,6,2,3,3,5,1,2,2,3
USW00024020,HAYES CENTER 1NW,NE,40.5233,-101.0344,3045,27,1996-97,2025-26,28.4,27.1,16,23,9,11,12.4,15,5,7,9,10,4,4.8,5,8,3,3,4,4,1,1,2,3
USC00253735,HEBRON,NE,40.175,-97.5903,1480,27,1998-99,2025-26,19.1,22,14,21,6,7.8,8.4,10,3,5,6.4,8,2,4,4.4,6,1,3,3,5,0,1,2,3
USC00253810,HERSHEY 5 SSE,NE,41.1056,-100.9775,2952,25,1996-97,2025-26,24.6,25.1,16,19,8,10,10,12,5,6.2,7,10,3,4,5,5,2,2.2,3.6,5,0,1.2,2,3
USC00253910,HOLDREGE,NE,40.4517,-99.3803,2320,30,1996-97,2025-26,22.6,24.2,11,15.6,7,10,12,13,4,7,8,10,3,4,5.1,7,2,3,3.1,5,1,2,2,3
USC00254035,HOWELLS,NE,41.7172,-97.0033,1520,27,1996-97,2025-26,22.9,22.2,12,18,6,8,9.4,11,4,5.8,6,8,2,3,4,7,2,2,3.4,5,1,1,2,2
USC00254043,HUBBELL,NE,40.01,-97.4978,1470,29,1996-97,2025-26,24.4,25.2,8,10.4,6,8.4,10,13,6,8,9,11,4,5,6,10,2,4,5.2,7,1,2,3,4
USC00254110,IMPERIAL,NE,40.5092,-101.6514,3294,26,1996-97,2025-26,25.9,26.5,17,20,8,9,13,15,4.5,7,8,9,3,5,5,7,2,3,4,5,1,2,2,3
USC00254335,KEARNEY 4 NE,NE,40.7258,-99.0133,2130,30,1996-97,2025-26,19.1,22.1,13.5,17,6,8.2,10,13,4,5,7,9,2,4,5,7,2,3,3,4,0,2,2,3
USW00014939,LINCOLN AP,NE,40.8478,-96.7647,1170,29,1997-98,2025-26,20.6,24.6,16,23,6,8.4,10,15,3,5,6.2,12,3,5,5,9,2,3,4,5,1,2,3,3
USC00254865,LISCO,NE,41.4972,-102.62,3495,25,1997-98,2024-25,29,27.4,13,17.6,8,11,11.6,13,6,7,7,9,4,5,5,6,3,4,4,5,1,2,2,4
USC00254985,LOUP CITY,NE,41.2789,-98.9697,2070,24,1996-97,2024-25,25.8,26,13.5,19,8,10,11.7,13,4.5,7,7,8,3,4,4.7,6,2,3,4,4,1,2,2,3
USC00255312,MC COOK #2,NE,40.2161,-100.63,2585,25,1996-97,2025-26,18.9,20.3,9,11.2,6,8,10,11,4,6,7,8,3,4.2,5.6,7,2,3,3,5,0,1,1,2
USC00255362,MEAD 6S,NE,41.1431,-96.4808,1170,29,1996-97,2025-26,20,19.4,9,13.4,6,8,9.2,12,4,6,6,7,2,4,4,5,2,3,3,5,1,2,2,2
USC00255525,MILLER,NE,40.9283,-99.3886,2310,29,1996-97,2025-26,24.6,25.5,14,18,8,11,11.2,13,5,5.4,7,8,3,4,5.2,7,2,3,4,5,1,2,2,3
USC00255565,MINDEN,NE,40.5156,-98.9514,2160,30,1996-97,2025-26,22.4,23.5,12.5,18,7,9,10.1,12,4,5,6.1,11,2,4,4.1,7,2,3,3.1,4,1,2,3,4
USW00024023,N PLATTE RGNL AP,NE,41.1219,-100.6689,2762,30,1996-97,2025-26,30.1,29.1,20.5,24.2,8,9.2,10.1,12,5,7,8,9,3,4.2,6,7,3,3.2,4.1,5,1,2,3,4
USC00255780,NAPONEE,NE,40.0783,-99.1386,1894,30,1996-97,2025-26,17.9,17.4,7.5,12.2,5,7.2,9.1,11,3,5,6.1,8,2,3,3,5,2,2,3,4,1,1.2,2,3
USC00255810,NEBRASKA CITY 2NW,NE,40.6986,-95.8867,1055,30,1996-97,2025-26,18.5,23.3,9,14.2,6,8,10.2,13,5,6,7,10,3,5.2,6,10,2,4.2,5,9,1,2,3,5
USC00255895,NEWCASTLE,NE,42.6533,-96.8775,1343,26,1996-97,2025-26,36.4,35,16,20,10,13,14,16,6,8,8,8,4,6,7,8,3,5,5,7,1,2,3,6
USW00014941,NORFOLK KARL STEFAN MEM AP,NE,41.98,-97.4336,1562,30,1996-97,2025-26,28.9,28.1,20,25.4,8,10,12,14,5,7,7,11,3,4,4.1,7,2,3,4,5,1,2,2,3
USC00256200,OGALLALA,NE,41.1275,-101.7206,3230,25,1996-97,2025-26,21.1,20.7,17,20.2,7,9,9,11,4,5.2,7,9,2,4.2,5,7,2,2.2,3,5,0,1,2,2
USW00014942,OMAHA EPPLEY AIRFIELD,NE,41.3119,-95.9019,980,26,1999-00,2025-26,21.5,26.1,18,28,6,9,9.5,11,4,6,7,7,2,5,5,6,2,4,4.5,6,1,2,2,4
USC00256336,ORD #2,NE,41.6028,-98.9269,2050,27,1996-97,2025-26,33.4,32.9,17,20.8,10,11,13,14,6,8,8.4,10,4,5.8,7,8,3,4,5,7,2,2,3,4
USC00256375,OSCEOLA,NE,41.1844,-97.5514,1662,30,1996-97,2025-26,27,26.8,15,21.2,7,9,10.1,11,4,7,7.1,8,3,4,5,6,2,3,4,4,1,2,2,3
USC00256385,OSHKOSH,NE,41.4014,-102.3464,3390,25,1996-97,2024-25,28.4,30.3,13,16,9,11,12,15,6,9,9.6,14,4,6.2,8,10,2,5,5.6,7,1,2,3,5
USC00256390,OSHKOSH 8 SW,NE,41.3036,-102.4375,3830,25,1996-97,2025-26,31.5,32.2,16,19.2,10,13,14.2,16,7,8.2,11,12,5,6,7.6,10,3,4,4.6,6,1,2,2.6,4
USC00256454,OXFORD 6NNW,NE,40.3283,-99.6522,2242,29,1996-97,2025-26,21.3,21.1,13,18.4,6,7.4,8.2,12,4,5.4,6,8,2,4,4,6,2,2.4,3,4,1,1,2,3
USC00256837,POLK,NE,41.0756,-97.7872,1740,25,1996-97,2025-26,22.4,22.4,11,13.2,6,8.2,9,12,4,6,6,7,2,3.2,5,6,2,3,3,4,1,2,2,2
USC00257040,RAVENNA,NE,41.0319,-98.9214,2046,29,1996-97,2025-26,23.9,24.2,10,15,7,9.4,12.2,15,5,6,7.2,10,3,4,4,9,2,3,3.2,5,1,2,2,2
USC00257070,RED CLOUD,NE,40.0978,-98.5197,1732,30,1996-97,2025-26,17.6,18.9,9,12.2,5,7.2,9,9,3,5,6.1,8,2.5,3.2,5.1,6,1,3,4.1,5,0,1.2,2,3
USC00257515,SAINT PAUL,NE,41.2078,-98.4608,1812,28,1996-97,2025-26,22.7,23.1,10,16,7,9.6,10.3,12,4.5,5,6,8,3,4,4,5,2,3,3,4,1,1.6,2,3
USW00024028,SCOTTSBLUFF W B HEILIG FLD AP,NE,41.8747,-103.6011,3957,29,1997-98,2025-26,40,40.4,24,31.4,10,13.4,15,16,7,8.4,9.2,12,4,6,6.2,9,3,5,5,8,2,3,3.2,5
USC00257715,SEWARD,NE,40.9169,-97.0897,1501,27,1996-97,2025-26,21.6,21.2,12,15.8,6,8,8.4,10,4,5,6,6,2,4,4,5,2,2.8,3,4,1,2,2,3
USC00257751,SHELBY 3NE,NE,41.2183,-97.3883,1635,28,1996-97,2025-26,28.8,28.7,16,22.2,7.5,9.6,10.3,15,4,7,8,9,3,5,5.3,7,2,3,4,5,1,2,3,4
USC00257798,SHICKLEY 4S,NE,40.3619,-97.7331,1645,29,1996-97,2025-26,18.4,20.6,8,13,5,7,8,11,4,5,6,7,3,4,5,6,2,3,3.2,6,1,2,2.2,4
USC00258133,STAPLETON 5W,NE,41.4581,-100.5986,3022,28,1996-97,2025-26,31.6,34.6,23,29.6,9,11,12.3,14,6,8.6,10,11,4,6,7,9,3,4,6,7,1.5,3,3.3,4
USC00258320,SUPERIOR,NE,40.0297,-98.0758,1512,28,1996-97,2025-26,19.2,20.3,13.5,20,5.5,7,7.3,10,3.5,5,5,8,2,3,4.3,7,1,3,3,4,0.5,2,2,3
USC00258328,SURPRISE,NE,41.1042,-97.3094,1545,29,1996-97,2025-26,23.5,22.4,10,15.4,7,9,9,11,4,5,6,7,3,3,4,5,2,3,3.2,4,1,2,2,3
USC00258395,SYRACUSE,NE,40.6661,-96.1892,1100,29,1996-97,2025-26,22.1,25,14,18.4,7,9,10.2,14,4,6.4,8,11,3,5,6,11,2,4,4.2,5,0,2,3,4
USC00258410,TABLE ROCK 4N,NE,40.2381,-96.0847,1130,25,1996-97,2025-26,18.1,20.6,10,13,6,7.2,8.6,11,4,5,6,7,3,4,4.6,6,2,3,4,5,0,2,3,4
USC00258465,TECUMSEH 1S,NE,40.3544,-96.1939,1148,28,1996-97,2024-25,21.5,23.5,9,11.6,7,8.6,10,14,4,6,6.3,9,3,5,5,9,2,3.6,4,7,1,2,2.3,4
USC00258628,TRENTON DAM 1N,NE,40.1903,-101.0669,2813,24,1996-97,2025-26,18.5,19.3,9.5,11,6,8.4,9,10,3,5,6,7,2,4,4,5,2,2,3,4,1,1,1,2
USW00024032,VALENTINE MILLER FLD AP,NE,42.8586,-100.5514,2595,29,1997-98,2025-26,32.4,34,23,30.4,10,12.4,13.2,15,6,8,9,10,4,5.4,6.2,7,3,3.4,5.2,7,1,2,2.2,5
USC00258795,VALLEY NWS,NE,41.3197,-96.3672,1145,30,1996-97,2025-26,27.6,29.8,19.5,25.2,6,8.2,11,15,4,6,7,9,3,5,6,7,2,4,5,5,1.5,2.2,3,4
USC00259200,W PT,NE,41.845,-96.7142,1310,30,1996-97,2025-26,27.4,26.1,15.5,21.4,7,10,11,11,5,6.2,8,10,3,4,4.1,6,2.5,3,4,5,1,2,2,3
USC00258915,WAKEFIELD 3NW,NE,42.3017,-96.9003,1420,29,1996-97,2025-26,34.7,31.7,20,26.4,9,11,11,12,6,8,8,10,3,5.4,6,7,3,4,4.2,5,1,2,3,4
USC00258920,WALLACE 2W,NE,40.8433,-101.2094,3153,26,1996-97,2024-25,20,19.9,12.5,17,8,11,12,14,4,5,6,7,2,3,4.5,6,1,2,2.5,5,0,1,2,3
USC00259325,WILSONVILLE,NE,40.1119,-100.1047,2300,28,1996-97,2025-26,21.6,24.1,10.5,12.6,7,9,10.3,12,5,6.6,8,11,3,5,6.3,8,2,4,4,7,1,2,2,3
USC00270690,BERLIN,NH,44.4536,-71.1856,920,30,1996-97,2025-26,83.8,82.9,30.5,39,18,22,23.1,28,13,15.2,17,18,10,12,13,14,7,10,11,13,4,7,8,8
USC00271647,COLEBROOK 3SW,NH,44.8611,-71.5392,1120,25,1996-97,2024-25,81.1,83.1,49,69.4,20,22,23.6,28,14,16,17.6,22,9,12,12.6,16,7,9,10,11,4,6,6.6,8
USW00014745,CONCORD ASOS,NH,43.205,-71.5025,338,29,1996-97,2025-26,58.4,63.9,29,35.4,12,15,18,21,9,10.4,13,17,6,9.4,10,13,5,8,8.4,11,4,5,6,9
USC00272800,EPPING,NH,43.0306,-71.0833,154,28,1996-97,2025-26,45.6,57.5,18,23.6,12,14.6,17.3,21,8,12,13.3,19,7,9,10.3,14,5.5,8,9,13,3,5,7,8
USC00272999,FIRST CONNECTICUT LAKE,NH,45.09,-71.2906,1650,26,1996-97,2024-25,136.7,140.3,67,81,28,31,33.5,38,21,24,26.5,28,17,20,21,23,12,16,16.5,19,8,10,11.5,14
USC00273626,GREENLAND,NH,43.0211,-70.8258,95,26,1996-97,2025-26,44.7,57.4,20.5,29,11,14,17,20,8.5,12,13,17,6,9,11.5,13,5,7,9,13,3,5,7,8
USC00273658,GREENVILLE 1 NNE,NH,42.7828,-71.7986,900,26,1996-97,2024-25,61,70.2,19,26,13.5,16,19.5,22,10,12,15,18,8,10,12.5,15,6,9,9.5,14,3.5,5,6,9
USC00274234,HUDSON 1 SSE,NH,42.7831,-71.4147,185,24,1996-97,2025-26,51.6,62.2,31,37,10,13.8,15.7,18,8,11,11,14,7,8,8.7,12,4.5,7,7.7,12,3,5,6,7
USC00274329,JEFFERSON,NH,44.4169,-71.5008,1235,25,1996-97,2024-25,96.7,96.6,65,74.4,20,22.2,23,25,14,16,17.6,18,10,13,14,15,8,10,11,15,5,7,7.6,11
USC00274399,KEENE,NH,42.9389,-72.3247,511,26,1996-97,2025-26,53.1,56.3,29.5,35,12,15,16,19,8,11,12,13,6,9,9,11,5,7,8,10,3,5,5,7
USC00274480,LAKEPORT 2,NH,43.5492,-71.4644,500,30,1996-97,2025-26,65.7,65.5,23.5,28.4,14.5,17.2,18.2,21,10,13,14.1,16,8,10,11,14,6,8,9,12,3,6,6,9
USC00275211,MASSABESIC LAKE,NH,42.9892,-71.3933,253,26,1996-97,2025-26,42.6,47.3,16.5,21,10,13,14,15,8,10,10.5,14,6,8,8.5,11,5,7,7.5,11,2,4,5,7
USW00014755,MT WASHINGTON,NH,44.2703,-71.3033,6272,30,1996-97,2025-26,263.9,281.7,129,143.6,32,34.2,36,43,27,30,31,38,23,26,27.1,32,21,23,24.1,29,15,18,19,24
USC00275995,N CONWAY,NH,44.0561,-71.1297,522,30,1996-97,2025-26,80.8,82.2,37,40.4,15.5,19,19,22,12,14.2,17,19,9,12,13.1,15,7.5,10,10,13,5,6.2,8,10
USC00275712,NASHUA 2 NNW,NH,42.7914,-71.4736,135,26,1997-98,2025-26,41.5,51.3,17,22,9,12,15.5,17,8,9,11,15,5.5,8,9,12,4.5,7,7.5,10,2,5,6.5,8
USC00275868,NEWPORT,NH,43.3772,-72.1811,770,28,1996-97,2024-25,67.7,70.1,29.5,35.6,15,17,18.3,21,11.5,13,14.3,17,8,9.6,11.3,13,7,8,9.3,11,4,5,6,7
USC00276818,PINKHAM NOTCH,NH,44.2581,-71.2525,2025,30,1996-97,2025-26,131.7,137.6,50.5,72.6,24,28,29.1,34,19,23,23.1,26,14.5,17.2,18,21,11,14,15,15,8,10,10.2,14
USC00279091,WENTWORTH,NH,43.8669,-71.9164,653,25,1998-99,2025-26,72.3,73.8,37,43,16,18,18.6,21,11,13.2,14,18,9,9.2,10.6,14,7,8,8.6,12,3,5,6,8
USC00279966,YORK POND,NH,44.5067,-71.3336,1519,29,1996-97,2025-26,91.7,93.8,47,50.8,20,24,25,29,14,16.4,17.2,22,10,13.4,14.6,18,8,10.4,13.2,15,5,7,7.2,11
USW00093730,ATLANTIC CITY INTL AP,NJ,39.4519,-74.5669,58,30,1996-97,2025-26,14.3,17.6,7.5,15,3,6,6.1,10,2,4,4.1,8,2,3,4,7,1,2.2,3,6,0,2,2,5
USC00281351,CAPE MAY 2 NW,NJ,38.9533,-74.9361,20,29,1996-97,2024-25,10.5,15,7,13,3,6,6.2,8,2,3,4.2,8,2,2.4,3.2,5,1,2,3,5,0,1.4,2,4
USC00282805,ESTELL MANOR,NJ,39.3831,-74.8294,85,28,1996-97,2025-26,18.8,20.8,9.5,14.6,4,6,7.3,12,3,4,5.3,8,2,3,4.3,7,2,3,4,7,1,2,2.3,5
USC00283181,FREEHOLD-MARLBORO,NJ,40.3136,-74.2511,194,24,1998-99,2024-25,14.6,18.7,6,10.4,4,7,8.7,10,3,5,6.4,7,2,4,4.7,5,2,3,4,5,1,2,3,4
USC00283704,HARRISON,NJ,40.7481,-74.1519,24,28,1996-97,2025-26,24,25.8,11,14,5,8,9,11,3.5,5,6,8,2.5,5,5,8,2,4,5,5,1,2.6,3,4
USC00283951,HIGHTSTOWN 2 W,NJ,40.2664,-74.5642,100,29,1996-97,2025-26,19.7,22.9,10,13,5,7,8.2,10,4,5,5.2,8,3,4,5,5,2,4,4,5,1,3,3,5
USC00286055,NEW BRUNSWICK 3 SE,NJ,40.4728,-74.4225,111,30,1996-97,2025-26,22.8,26.5,11.5,16.2,5.5,8,9.1,12,4,5,6,9,2,5,5,7,2,4,4,5,1,2.2,3.1,4
USW00014734,NEWARK LIBERTY INTL AP,NJ,40.6828,-74.1692,6,30,1996-97,2025-26,28.4,29.2,14,17.2,6,8,9,12,4,5.2,7.1,8,2.5,5,5.1,8,2,4.2,5,6,2,3,3,4
USC00286864,PENNSAUKEN 1N,NJ,39.9661,-75.0219,46,24,1996-97,2025-26,11.9,15.2,5,7.8,3.5,4.4,5.7,8,2.5,4,5,6,2,3,3.7,5,1,2.4,3,4,0,1.4,2.7,3
USC00286964,PHILADELPHIA/MT HOLLY WFO,NJ,40.0136,-74.8181,58,30,1996-97,2025-26,20.5,23.2,12,17,5,7.2,9,15,4,5,5,10,2,4,4.1,6,1.5,3.2,4,5,1,2.2,3,4
USC00287899,SCHOOLEY'S MTN 1 SW,NJ,40.7858,-74.8319,988,30,1996-97,2025-26,37.8,39.3,19,23.4,8,11,12,13,6,8,9.1,10,4,6.2,7,9,3,5,5.1,6,2,4,4,5
USC00287936,SEABROOK FARMS,NJ,39.4872,-75.22,104,25,1996-97,2024-25,10.6,12.1,5,8.4,3,5.2,6.6,9,2,3.2,4,5,2,3,3,4,1,2,2,3,0,1,1,2
USW00014792,TRENTON-MERCER AP,NJ,40.2769,-74.8158,190,28,1998-99,2025-26,22.6,25.3,14.5,18.2,5,7.6,8.6,10,4,5.6,6.3,10,3,5,5.3,6,2,4,4,5,1,2.6,3.3,4
USC00290022,ABBOTT 1 SE,NM,36.3028,-104.2497,6150,24,1996-97,2024-25,16.2,17.1,9,12,5.5,8,9,10,3,5,6,8,2,3,4,6,1,2,3,4,0,1,2,2
USC00290225,ALBUQUERQUE FOOTHILLS NE,NM,35.1317,-106.4953,5994,27,1996-97,2024-25,19.1,21.4,14,21.6,6,8,10.2,16,4,6,7,11,2,3.8,4.4,7,1,2.8,3.4,6,0,1,2,3
USW00023050,ALBUQUERQUE INTL AP,NM,35.0419,-106.6156,5310,29,1996-97,2025-26,6.1,7.4,8,12,2,4,4,5,1,2,3,4,0,1,2,3,0,0.4,1,3,0,0,0.2,1
USC00290245,ALCALDE,NM,36.0908,-106.0567,5680,24,1996-97,2024-25,11.1,11.4,7,9,4.5,6,6,8,2,4,4,7,1,2.4,3,3,1,2,2,3,0,1,1,1
USC00291813,CIMARRON 4 SW,NM,36.4661,-104.9456,6540,26,1996-97,2025-26,27.9,33.4,10.5,16,8,11,12,15,6,8,9,12,4,7,8,11,3,6,7,9,1,3,4,8
USC00291963,CLOVIS 13 N,NM,34.5989,-103.2161,4435,27,1996-97,2024-25,7.2,9.8,5,9,3,4.8,6,7,1,3,4,6,1,2,3,4,1,1.8,2.4,4,0,1,1,2
USC00292030,CONCHAS DAM,NM,35.4072,-104.1906,4244,24,1996-97,2024-25,6.5,9.3,3.5,8,2,5,5.7,7,1.5,3.4,4.7,6,1,3,3,4,1,2,2,3,0,1,1,1
USC00292250,CUBERO,NM,35.0883,-107.5178,6195,30,1996-97,2025-26,14.2,15,5.5,9,5,6.2,8,9,3,5,5,7,2,3,4,5,1,2.2,3,4,0,2,2,2
USC00292700,EAGLE NEST,NM,36.5575,-105.2628,8280,27,1996-97,2024-25,77.9,78.1,29,32,19,21,21.8,26,13,15.8,16.4,19,10,11,12.8,15,7,8.8,11,13,4,5.8,6.4,10
USC00293142,FARMINGTON AG SCI CNT,NM,36.6897,-108.3086,5625,28,1996-97,2024-25,8,8.9,8,12.6,2,5,6,8,1,3,3.3,6,0,2,2,4,0,1,2,3,0,0,0.3,1
USC00293296,FT SUMNER 5 S,NM,34.3942,-104.2503,4050,26,1996-97,2024-25,7.5,11.7,4,9,3,5,7,9,2,4,5.5,6,1,2,4,6,1,1,2.5,4,0,1,1.5,3
USC00294398,JOHNSON RCH,NM,35.9547,-107.0856,7203,26,1996-97,2025-26,30.1,29.4,13.5,18,9,11,13.5,19,6,8,9,13,4.5,6,7,9,3,4,5,7,1,2,3,4
USC00295084,LOS ALAMOS,NM,35.8644,-106.3214,7424,28,1996-97,2025-26,36,38.4,19,24.6,8,10,11.6,14,6,8,9.3,12,4,7,7.3,10,3,6,6.3,9,2,3.6,4.3,6
USC00295960,MTN PARK,NM,32.9542,-105.8231,6808,24,1996-97,2025-26,17.6,20.4,7,12.2,5.5,8.4,9.7,14,4,7,7,12,2,4.4,5.7,9,2,3,4,8,1,2,2.7,4
USC00296619,PASAMONTE,NM,36.2994,-103.7408,5650,29,1996-97,2024-25,24,21.8,9,12,8,9.4,11,13,5,6,7.4,9,3,4,5.2,7,2,3,4,5,1,2,2,3
USC00296687,PEDERNAL 9 E,NM,34.6153,-105.4739,6150,28,1996-97,2025-26,23.8,24.8,12,15.6,5,9.6,10,11,4,7,8,9,3,4.6,6,7,2,3,3.3,5,1,2.6,3,4
USC00297226,RAGLAND 3 SSW,NM,34.78,-103.7492,5060,29,1996-97,2025-26,13.5,16.7,6,9.4,5,7,9.2,12,3,5.4,6,7,2,4,4.2,5,1,2.4,3,4,1,1,2,3
USC00298596,SUMNER LAKE,NM,34.6033,-104.3811,4306,29,1996-97,2025-26,8.6,10,5,8.8,3,6,7,8,2,3,3.6,7,1,2,3,6,1,1.4,2,5,0,1,1,2
USC00299156,TUCUMCARI 4 NE,NM,35.2006,-103.6867,4086,28,1996-97,2024-25,11.4,14.7,7,12.6,4,7.6,9,10,2,4,5.3,7,1,2.6,4,6,1,2,2.3,4,0,1.6,2,3
USC00299691,WHITE SIGNAL,NM,32.5619,-108.3611,5991,24,1996-97,2025-26,10.5,12.1,5.5,9,3,6,6,10,2,4,4.7,7,2,3,3,6,1,2,2,5,0,1,1,2
USC00299820,WOLF CANYON,NM,35.9478,-106.7469,8221,27,1996-97,2025-26,119.1,110.6,33,43.4,18,24,25,32,16,18.8,20.4,24,13,17,17.4,19,10,14,15.4,17,7,10,10,13
USW00024121,ELKO RGNL AP,NV,40.8239,-115.7864,5054,30,1996-97,2025-26,40.2,39.6,33.5,44.2,11,13,14.1,18,6,9,10,12,4,6,6.1,9,2,5,5.1,6,1,3,4,4
USW00023154,ELY AP,NV,39.2953,-114.8467,6250,28,1998-99,2025-26,51.5,55.5,30,41.4,12,17,19.2,22,9.5,11,13.3,18,6.5,8,11.3,13,5,6,8.3,11,3,4,5.3,6
USC00262708,EUREKA,NV,39.5169,-115.9622,6430,28,1996-97,2025-26,42.7,45,23,35.4,11,16.6,19.3,22,6.5,13.2,15,18,3.5,9,12,18,3,8,9.3,15,2,5.2,7.3,9
USC00263114,GIBBS RCH - JARBIDGE 24SE,NV,41.5697,-115.2111,5960,26,1996-97,2025-26,27.9,29,12,16,9,11,13.5,18,5.5,8,10,11,3.5,6,7.5,10,2,4,5,7,1,2,3.5,5
USC00263340,GREAT BASIN NP,NV,39.0056,-114.2206,6850,26,1998-99,2024-25,75.9,73.9,25.5,31,13,17,19.5,27,10.5,13,13,22,7,10,12,16,6,8,9.5,11,4.5,6,7.5,10
USC00264341,LAGES,NV,40.0633,-114.6147,5960,26,1996-97,2025-26,24.4,22.5,10.5,17,8,11,12.5,19,4.5,8,8,13,3,5,6,7,2,4,4.5,6,0,1,2,3
USC00264935,MCDERMITT,NV,41.9933,-117.7167,4528,28,1997-98,2025-26,20.3,20.3,11.5,16,8,11.6,13,14,4,6,7,8,3,5,5,6,1,2,3.3,4,0,1,1,3
USC00264950,MCGILL,NV,39.4142,-114.7739,6270,27,1996-97,2025-26,33.6,37,17,23.4,12,14,15.8,25,7,9,11.4,20,5,6.8,7.4,12,3,5,6.4,8,1,2,3,5
USC00265400,MT CHARLESTON FIRE STN,NV,36.2594,-115.6458,7440,27,1996-97,2024-25,73,88.8,23,27.8,11,17,18,25,9,13,15.4,21,7,11,13.4,18,6,10,11.4,18,4,6.8,8.4,13
USC00265818,OROVADA 3 W,NV,41.5683,-117.8389,4200,28,1996-97,2025-26,15.1,15.9,7.5,10,6,7,8.3,13,3.5,5,5,8,2,3.6,4,6,1,2,3,5,0.5,1,1.3,2
USC00266791,RENO WFO,NV,39.5683,-119.7956,4987,30,1996-97,2025-26,25.6,30.2,17,22.2,6.5,9,10,13,3.5,6.2,8,10,2,5,5.1,7,2,4,5,6,1,3,3.1,4
USC00267690,S FK STATE REC AREA,NV,40.6764,-115.745,5270,26,1996-97,2025-26,17.1,22,12.5,19,7,12,14.5,19,4,7,9,12,2.5,5,6.5,10,1,4,4,8,0,1,2,5
USC00269072,WILD HORSE RSVR,NV,41.6381,-115.8056,6224,25,1996-97,2025-26,112.8,110.2,42,52.2,25,29.2,30,32,18,24,24.6,27,14,17.2,19.6,21,10,14,15.6,18,6,9,9.6,12
USW00024128,WINNEMUCCA AP,NV,40.9017,-117.8081,4300,27,1999-00,2025-26,23.5,22.9,20,24.8,7,8,8.4,11,4,5,6,9,2,3.8,4,7,2,2.8,3.4,5,1,1,2,3
USW00014735,ALBANY INTL AP,NY,42.7472,-73.7992,280,30,1996-97,2025-26,54.9,56.2,32.5,40.2,11,13.2,14,18,7.5,10,11.1,12,6,7,8,11,5,6,7,9,2.5,4,5,7
USC00300055,ALBION,NY,43.2244,-78.2236,603,26,1996-97,2025-26,61.6,64.4,28,36,15,19,21,24,11.5,13,14,17,8,11,11,14,6,8,9.5,12,3,4,6,7
USC00300093,ALLEGANY SP,NY,42.1003,-78.7497,1500,27,1996-97,2025-26,74.9,78.3,34,41.6,19,21,24.4,26,14,16.8,18,21,10,13,13.4,16,7,9.8,11,12,4,6,6.4,9
USC00300183,ANGELICA,NY,42.3108,-78.0231,1475,28,1996-97,2025-26,70.5,68.2,40,47.2,18,21.6,25.3,27,12.5,14.6,16,20,8,10.6,11.3,15,5.5,8,8.6,12,3,5,6,7
USC00300343,AVON,NY,42.9203,-77.7558,545,29,1996-97,2025-26,51.2,46.7,29,41.2,13,15.4,18.4,23,7,11,12,14,5,8,8,10,4,5,6.2,8,2,3,4,6
USC00300443,BATAVIA,NY,43.0297,-78.1683,913,26,1996-97,2025-26,58,67.1,24,32,14,16,18,21,9.5,13,15,18,6,10,11,15,5.5,8,9.5,15,4,5,6,11
USW00004725,BINGHAMTON,NY,42.1997,-75.9847,1703,30,1996-97,2025-26,81.7,83.8,63.5,71.6,16,19,20,23,12,13,16,17,9,10,11,14,7,8,8.1,11,4,5.2,6,8
USC00300785,BOONVILLE 4 SSW,NY,43.4361,-75.3697,1550,29,1996-97,2025-26,154.3,158.8,67,79,22,26,27,29,16,19,20.6,27,14,15.4,18.4,20,12,13,17,18,8,11.4,12,15
USW00014733,BUFFALO,NY,42.9489,-78.7367,790,30,1996-97,2025-26,97.8,94.4,58,66.4,15.5,19,19,22,11,13.2,15,16,9,10,11,16,6.5,9,9,12,5,6.2,7.1,8
USC00301752,COOPERSTOWN,NY,42.7167,-74.9267,1257,29,1996-97,2025-26,80.9,77.5,35,42.4,15,19.4,21,24,12,14,16,19,9,12,13,14,6,9,9,11,4,5,6,8
USC00302610,ELMIRA,NY,42.0997,-76.8358,947,28,1996-97,2025-26,31.8,34.9,19,26,9,12,14.3,19,5,7,8.3,15,4,5,7,8,3,4,5.3,7,1,2.6,3,5
USC00303025,FRANKLINVILLE,NY,42.3294,-78.4639,1590,27,1996-97,2025-26,108.3,101.6,49,62.4,21,24,24,28,16,18,20,24,11,14,14,19,9,11,12,14,6,8,8.4,11
USC00303050,FREEVILLE 1 NE,NY,42.5178,-76.335,1042,25,1996-97,2025-26,52.6,53,29,35.2,16,20,22.2,23,10,12.2,13.6,16,7,8.2,9.6,11,5,7,7,9,3,3,5.2,7
USC00303184,GENEVA RSCH FARM,NY,42.8767,-77.0308,718,30,1996-97,2025-26,52.4,49.7,33,40.4,13.5,17.2,21,24,8.5,11.2,13.1,15,6,8,8,9,4,6,7,7,2,3.2,4,5
USC00303346,GOUVERNEUR 3 NW,NY,44.3539,-75.5122,420,26,1996-97,2025-26,88.3,87.7,46.5,57,19,24,26,30,14,17,18,20,9.5,13,13.5,17,7.5,9,11,13,5,7,7,8
USC00303851,HIGHMARKET 2W,NY,43.6053,-75.5545,1804,30,1996-97,2025-26,203.3,205.7,78.5,87,21,24.2,25.2,30,18,20,21.1,23,15,17.2,19.2,21,13,15,17.2,21,10,12.2,13,17
USC00303955,HONEOYE,NY,42.7914,-77.5133,800,30,1996-97,2025-26,49.9,48.7,29.5,37,13,17,18.1,25,9,12,13.1,15,6,8.2,9.1,10,4,5.2,6.1,7,2,2,3,5
USC00303961,HOOKER 12 NNW,NY,43.8525,-75.7158,1478,30,1996-97,2025-26,217.6,223.8,82,91,22,25,28,29,19,21,22.1,26,15,18,20.1,23,13,15.2,18.1,20,10,12,13.1,17
USC00303983,HORNELL ALMOND DAM,NY,42.3489,-77.7044,1325,30,1996-97,2025-26,60.4,58.5,34.5,47.4,16,19,20.2,25,11,13,15.1,19,8,9,10,11,5,7,7.1,10,3,4,5,6
USC00304102,INDIAN LAKE 2SW,NY,43.7547,-74.2756,1670,27,1999-00,2025-26,107.2,106.9,77,87.4,20,22,24,25,15,17,18,20,11,14,15,16,9,11.8,12,14,6,7.8,8,9
USW00004781,ISLIP-LI MACARTHUR AP,NY,40.7939,-73.1019,83,30,1996-97,2025-26,36.1,31.6,11,19,5,9,10.1,12,4,7,7.1,8,3,5.2,6.1,8,2,4,5.1,6,2,3,4,5
USC00304174,ITHACA CORNELL UNIV,NY,42.4492,-76.4492,960,28,1996-97,2025-26,60,58.2,44.5,49,13,15,17,24,9.5,11,12.3,16,6,8.6,9,11,5,6,7,8,3,4,4.3,6
USC00304207,JAMESTOWN 4 ENE,NY,42.11,-79.1592,1250,26,1998-99,2025-26,95.8,92.6,53,61,15.5,19,20.5,23,12,14,14,19,9,11,11,16,7.5,9,10,12,5.5,7,8,9
USW00094789,JFK INTL AP,NY,40.6392,-73.7639,9,30,1996-97,2025-26,22.1,24.4,12,17,5,7,8.1,11,3,5,7,8,2,4,5,8,2,4,4,5,1,2,3,4
USW00014732,LAGUARDIA AP,NY,40.7794,-73.8803,10,30,1996-97,2025-26,26.6,27.1,13,16.2,5,7.2,8,13,3.5,5.2,6,8,2,5,5.1,8,1.5,4,5,6,1,3,3,4
USC00304555,LAKE PLACID 2 S,NY,44.3042,-73.9839,1888,24,1996-97,2025-26,111.9,111.3,60.5,75.2,26,30,31,33,18,21,22,23,12,15,15,17,8,11,13.7,14,5,6.4,7,10
USC00304808,LITTLE VALLEY,NY,42.2472,-78.8125,1625,24,1996-97,2025-26,122.7,126.7,50,54.2,22,24,25,28,16.5,19,20,21,12.5,15,16,19,11,11.4,12,14,8,9,9,11
USC00304912,LOWVILLE,NY,43.7928,-75.4828,863,28,1996-97,2025-26,128,127.6,56,67.6,19,21.6,23.3,25,14,17,18.3,19,11,13.6,14.9,18,9,11,13,16,7,9,9,11
USC00304996,MALONE,NY,44.8417,-74.3061,878,29,1996-97,2025-26,94.7,94.8,53,61,22,26.4,27.2,29,15,17.4,19.2,22,10,14,14.4,17,8,9.4,10.4,12,5,6,7,9
USC00305925,N CREEK 5 SE,NY,43.6611,-73.8969,890,29,1996-97,2025-26,75.5,73.5,37,40.4,16,18,19,22,11,13,14.2,18,8,11,12,16,6,8,9,12,5,6,6.2,9
USC00306047,N TONAWANDA,NY,43.0572,-78.8617,578,30,1996-97,2025-26,80.4,78.9,53,65,13.5,16,18.1,19,10,13,14.1,15,8,10,11.1,13,6,8.2,9.1,11,3,6,6.1,7
USC00305714,NEWCOMB,NY,43.9708,-74.2219,1647,28,1996-97,2024-25,95.6,99.9,57.5,65,20.5,24,26.3,30,14.5,18,18.3,20,11.5,13.6,14,18,9,11,12,15,5.5,7,7.3,9
USC00305840,NIAGARA FALLS,NY,43.0856,-78.9719,588,29,1996-97,2025-26,68.6,68.3,51,58.4,13,15,17,22,9,12.4,13,15,7,10,10.2,11,5,8.4,9,10,4,5,5.4,7
USW00094728,NY CITY CNTRL PARK,NY,40.7789,-73.9692,140,30,1996-97,2025-26,26.9,27.1,11.5,14,5,8,9,13,4,5,6.1,8,2,5,6,8,2,4,5,6,1,2,3,4
USC00306196,OLEAN,NY,42.0736,-78.4517,1420,30,1996-97,2025-26,60.7,60.8,43.5,51.2,13.5,17.2,18,19,10,12,13.1,15,6.5,9.2,10,14,5,6,8,11,3,4.2,5,5
USC00306314,OSWEGO,NY,43.45,-76.5369,324,30,1996-97,2025-26,117.4,119.7,59.5,67.2,15,18,19,21,12,13.2,15,16,10,12,13,16,8,11,12,15,6.5,8,8.2,12
USC00307134,RIVERHEAD RSCH FARM,NY,40.9625,-72.7161,100,25,1996-97,2025-26,20,25.8,8,13.2,5,8,8.6,13,4,6,6.6,12,3,5.2,6,11,2,4,4.6,6,1,3,3,4
USW00014768,ROCHESTER GTR INTL,NY,43.1172,-77.6753,540,30,1996-97,2025-26,103.2,96.6,64,74.4,15,17,18.1,21,11.5,14,14,17,10,11.2,12,13,7.5,9.2,10,13,5,7,8,9
USC00307329,RUSHFORD,NY,42.3914,-78.2483,1522,30,1996-97,2025-26,93.9,90.3,55,60.6,18,21.2,23.3,28,13,16.2,18.1,25,10,13,14.1,18,8,10,11,12,5,6.2,8,9
USC00307484,SARATOGA SPRINGS 4 SW,NY,43.0414,-73.8214,326,24,1996-97,2025-26,60.8,60.7,26.5,32,13,16,16,20,9,12,12.7,14,6.5,8,9,10,5,7,7,7,3,4.4,5,6
USC00307705,SHERBURNE,NY,42.6772,-75.5067,1095,29,1996-97,2025-26,73.8,73.9,45,54.4,18,21,22,23,12,14,16,19,8,9.4,10,11,6,8.4,9,10,4,5,6,8
USW00014771,SYRACUSE HANCOCK INTL AP,NY,43.1111,-76.1039,410,30,1996-97,2025-26,117.8,117,66,74.2,15,18,19.1,23,12,14.2,16,19,9.5,11.2,14.1,16,8.5,10,11.1,14,7,8,9,11
USC00308721,UPTON COOP - NWSFO NEW YORK,NY,40.8656,-72.8642,80,30,1996-97,2025-26,33.1,33.8,14,19,5,9.2,11,13,4,7,8.1,11,3.5,6,7.1,9,3,4.2,5,9,2,3.2,4,5
USC00308910,WALES,NY,42.7211,-78.5436,1125,30,1996-97,2025-26,113.7,117.4,51.5,60,18,22,27,28,14.5,18.2,20.2,22,11,14,14.1,17,9.5,11,12.1,15,6.5,7.2,9,10
USC00308962,WARSAW 6 SW,NY,42.6856,-78.2203,1820,30,1996-97,2025-26,156,154.5,61.5,70.4,21.5,24.2,26.1,29,18,19.2,23,24,14,17,19,21,12,14,15.1,19,9,10.2,11.1,12
USC00309000,WATERTOWN,NY,43.9761,-75.8753,497,27,1996-97,2025-26,119.8,120.8,40,49.8,17,20.6,22.8,27,13,16,17,21,11,12.8,14.4,17,10,11,12.4,15,6,8,9.4,11
USC00309049,WEBSTER 2 NE,NY,43.2419,-77.3883,275,30,1996-97,2025-26,89.6,91.5,61,69.6,14.5,17,18.1,21,11,13,14,17,9,11,11.1,14,6.5,8.2,10.1,12,4,6,6.1,10
USC00309072,WELLSVILLE,NY,42.1172,-77.9475,1510,28,1996-97,2025-26,49.8,51.3,36,46,14.5,17,19,23,8.5,10.6,12.3,15,6,8,10,13,5,6,7,8,2,3,4.3,7
USW00014895,AKRON CANTON AP,OH,40.9181,-81.4433,1210,30,1996-97,2025-26,47.3,44.6,44,51,11,14.2,16,21,8,10,11,13,5,7,8,10,4,5,6,8,1,3,4,5
USC00331458,CHARDON,OH,41.5872,-81.1914,1130,25,1996-97,2025-26,107.1,103.2,44,50.4,15,18,19,23,12,16,16.6,22,9,13.2,14,15,7,9.4,11.6,13,6,7.2,9.6,11
USW00014820,CLEVELAND,OH,41.4133,-81.86,860,30,1996-97,2025-26,53.1,57.7,41.5,49.8,12.5,15,16.2,20,8,11,14,16,7,10,11,13,5,8,9,10,3,4.2,5.1,9
USW00093815,DAYTON INTL AP,OH,39.9064,-84.2186,993,29,1997-98,2025-26,25.7,24.8,22,31,6,9.4,10,18,4,5.4,6,9,2,4,4.2,6,2,3,3.2,4,0,1.4,2,3
USC00332098,DEFIANCE,OH,41.2783,-84.3847,700,28,1996-97,2025-26,17.5,22.5,14,20.6,6,10,11,17,3,6,7.3,11,2,4,5.3,10,1,2.6,3.3,8,0.5,1,2,4
USC00333500,HANNIBAL LOCKS & DAM,OH,39.6667,-80.8667,620,25,1996-97,2025-26,6.7,9.7,7,16,4,6.2,8,10,1,4.2,5,6,0,2,3,5,0,1.2,2,4,0,0.2,1,2
USC00334004,JACKSON 3 NW,OH,39.0792,-82.7064,845,28,1996-97,2025-26,17.5,19.5,14.5,17,6,9,9.3,14,3.5,5.6,6.3,8,2,3.6,4,6,1,2,3,5,0.5,1,1.3,2
USW00014821,JOHN GLENN INTL AP,OH,39.9906,-82.8769,810,30,1996-97,2025-26,25.9,25.9,23.5,34.2,7.5,9,11.2,16,4,6,8,10,3,4,5.1,8,1.5,3,4,6,0,1,2,3
USC00334551,LIMA WWTP,OH,40.7247,-84.1294,850,24,1997-98,2025-26,15.3,18,11,18,5.5,8.4,11.7,16,3,5.4,7.7,11,2,4.4,5.7,7,1,2.4,3,6,0,1,2,3
USW00014891,MANSFIELD LAHM RGNL AP,OH,40.8203,-82.5178,1289,30,1996-97,2025-26,41.6,43,35,43.2,10,13,14,18,6.5,9.4,11.1,16,4,8,9,11,3,6,7,10,1,3,4,6
USC00334927,MARIETTA WWTP,OH,39.4086,-81.4328,610,25,1996-97,2025-26,10,11.9,8,14.2,4,5.2,7.6,11,2,3.2,4.6,7,1,2,3,4,1,1.2,2,3,0,1,1,1
USC00335297,MILLERSBURG,OH,40.5375,-81.9197,819,29,1996-97,2025-26,16.1,19.3,12,19.4,6,9.4,12.2,15,4,7,7,9,2,4,5,6,2,3,3,5,0,1,1,2
USC00335718,NELSONVILLE,OH,39.5014,-82.2439,709,29,1996-97,2025-26,8.9,10.9,5,8,4,6,7.2,10,2,4,4.2,7,1,3,3,4,1,2,3,3,0,1,1,2
USC00335857,NEW LEXINGTON 2 NW,OH,39.7331,-82.2156,877,27,1996-97,2025-26,15.7,17.7,13,18.6,6,8,9.8,15,3,5,5.4,11,2,4,4.4,6,1,2.8,3,6,0,1,2,3
USC00335747,NEWARK WTR WKS,OH,40.0875,-82.4128,835,25,1996-97,2024-25,11.3,13.5,8,14.2,5,7.2,9,12,2,4.2,5,7,2,3.2,4,5,1,2,2.6,4,0,1,1,3
USC00336118,NORWALK WWTP,OH,41.2633,-82.6147,670,27,1996-97,2025-26,29.3,30.5,23,31.8,10,11,14.2,17,5,7,10,14,4,5,7,8,2,4,5,6,1,1.8,2.4,4
USC00336405,PANDORA,OH,40.9461,-83.9614,770,28,1996-97,2025-26,28.4,30.9,23,29,9,10.6,13,17,5,7.6,9.6,14,3.5,5.6,7.3,10,2,4,4.3,8,1,1,2.3,4
USC00336465,PAULDING,OH,41.1247,-84.5919,725,30,1996-97,2025-26,19.3,22.8,19,25.2,7,8,10,15,3,6.2,7,10,2,4.2,6,9,2,3,4.1,7,0,1,1.1,2
USC00336949,RAVENNA 2 S,OH,41.1367,-81.2844,1107,28,1996-97,2025-26,42,41.8,25,30.6,11.5,14,15,19,8,9.6,11,13,5.5,7.6,8.3,10,4,5,6,8,2,3,3.3,5
USW00094830,TOLEDO EXPRESS AP,OH,41.5869,-83.8053,674,30,1996-97,2025-26,30,33.9,27.5,32,9,12.2,15,15,5,8,10,12,4,5,6.1,11,2,4,5,9,1,2,2.1,6
USC00338609,VAN WERT 1 S,OH,40.8494,-84.5808,790,25,1996-97,2025-26,14.6,16.9,10,14.2,5,8.2,9.6,12,3,5.2,6,11,1,3,5.2,11,1,2,3.6,8,0,1,1,7
USC00338769,WARREN 3 S,OH,41.2019,-80.8106,900,27,1996-97,2025-26,21.3,24.5,19,24.6,7,10,11.4,14,4,6.8,8,10,2,4,5.4,8,1,3.8,4.4,6,1,2,2,3
USC00338822,WAUSEON WTP,OH,41.5183,-84.1453,750,30,1996-97,2025-26,23.9,26.1,20.5,27.2,8,9.2,11,16,4,6.2,8.1,11,3,4.2,6,10,2,3,4.1,9,1,2,2,5
USC00338830,WAVERLY,OH,39.1114,-82.9797,572,27,1996-97,2025-26,11.1,13.4,8,10.6,5,8,8.4,14,2,5,5.8,8,1,3,3.4,5,1,2,3,4,0,1,1,2
USC00338951,WESTERVILLE,OH,40.1267,-82.9442,802,30,1996-97,2025-26,15.8,17.2,13.5,21.6,5,7.2,10.1,16,3,5,6.1,7,2,3,4,5,1,2,2,4,0,1,1,3
USC00339220,WFO WILMINGTON,OH,39.4217,-83.8222,1053,30,1996-97,2025-26,23.9,24.6,25,28.6,7,10,10.2,14,3.5,6,6.1,9,2,4,5,7,1,3.2,4,5,1,2,2,3
USW00014852,YOUNGSTOWN-WARREN RGNL AP,OH,41.2547,-80.6736,1167,29,1997-98,2025-26,61,65,52,64,13,15,16.2,20,9,12,13.2,15,7,11,11.2,13,5,8,9,10,3,5,6,8
USW00013967,OKLAHOMA CY WILL ROGERS WORLD,OK,35.3883,-97.6003,1279,30,1996-97,2025-26,5.4,7.3,4.5,6.2,2,3.2,4.1,5,1,2,3.1,5,1,1.2,2,5,0,1,1.1,3,0,0.2,1,1
USC00347952,SAYRE,OK,35.2936,-99.6283,1868,25,1996-97,2025-26,5.4,6.6,4,7.2,2,4,4.6,5,1,2.2,3,3,1,1.2,2,3,0,1,2,2,0,0,0.6,2
USW00013968,TULSA INTL AP,OK,36.1986,-95.8783,639,30,1996-97,2025-26,8.2,8.7,5,8,2,4,4.1,6,1,2.2,3,4,1,2,2.1,3,1,1,2,3,0,1,1,2
USC00350652,BELKNAP SPRINGS 8 N,OR,44.2867,-122.0389,2152,27,1996-97,2025-26,48.3,54.6,17,25.4,8,10,13.8,17,6,8,10.4,12,5,7,8,10,3,6,7.4,9,2,5,5.4,6
USC00351946,CRATER LAKE NPS HQ,OR,42.8978,-122.1339,6485,30,1996-97,2025-26,452.4,446.4,100,118,28,31.2,33.1,39,25.5,27,29,33,22,24,25.4,30,19,21,24.2,28,17,18,20.1,23
USC00353402,GOVERNMENT CAMP,OR,45.3008,-121.7425,3980,29,1996-97,2025-26,232.4,231.5,59,75,25,27,28.4,32,20,23,24.2,27,17,21,22,23,14,18,19.2,23,11,13,15.6,22
USC00353604,HALFWAY,OR,44.8772,-117.1094,2653,29,1996-97,2025-26,53.2,57.2,19,27,10,13,14,16,8,10.4,11,12,6,8.4,10.2,11,5,6.8,9.2,10,3,6,7,9
USC00353705,HASKINS DAM,OR,45.3128,-123.35,756,26,1996-97,2024-25,8.6,13.3,4,10,2,4,5.5,9,2,3,3.5,5,1,2,3,5,1,2,2,5,0,1,1,2
USC00353827,HEPPNER,OR,45.3653,-119.5639,1885,26,1996-97,2024-25,8,12.9,7,10,4,6,8,9,2,3,5,7,1,3,3.5,4,0,2,2.5,3,0,1,2,2
USC00354060,HOWARD PRAIRIE DAM,OR,42.2153,-122.3719,4571,29,1996-97,2025-26,121,119.4,41,54.6,19,23,23.2,26,15,18,19,21,12,15,16.4,19,10,13,14,16,7,9.4,10.2,12
USC00354835,LEMOLO LAKE 3 NNW,OR,43.3594,-122.2203,4080,28,1996-97,2025-26,210.7,198.7,49.5,63,20.5,25,27.3,28,16,21,22,23,13.5,18,18,20,11.5,15.6,16,19,9.5,11.6,12.6,18
USC00355221,MARION FORKS FISH HATCHERY,OR,44.6125,-121.9486,2475,25,1996-97,2025-26,73.5,76.2,25,33.4,11,14.4,17.6,20,8,11,14,17,6,9,10.8,13,5,8,8.6,11,3,6,7.6,9
USC00356213,OAKRIDGE FISH HATCHERY,OR,43.7431,-122.4439,1275,26,1996-97,2025-26,6.2,6.5,3,6,2,4,4.5,6,1,2,3,3,0.5,2,2,2,0,1,2,2,0,1,1,1
USW00024155,PENDLETON,OR,45.6906,-118.8531,1580,27,1999-00,2025-26,12.3,15.8,11,15.8,3,5.8,7,9,2,4.8,5.4,8,1,3.8,4,7,1,2,3,4,0,1,2,2
USC00358536,TOKETEE FALLS,OR,43.2753,-122.4503,2090,27,1996-97,2025-26,16.7,22.8,6,12,3,6,7.4,9,2,4.8,6,7,2,4,5,6,1,3.6,4.4,6,1,2.8,4,4
USW00014737,ALLENTOWN LEHIGH VLY INTL AP,PA,40.6497,-75.4478,385,30,1996-97,2025-26,27.9,30.9,15.5,19.4,6,9,11.1,14,4,6.2,8,9,3,5,6,8,2,4,4.1,5,1.5,3,3,4
USC00360656,BIGLERVILLE,PA,39.9347,-77.2547,720,29,1996-97,2025-26,21.8,25.6,11,14.8,6,8.4,10,12,4,6,7,10,3,5,5.2,6,2,3,4,6,1,2,2.2,3
USC00360868,BRADFORD 4SW RSCH 5,PA,41.8981,-78.7144,1660,30,1996-97,2025-26,76.2,75.7,41.5,48.2,19,22,23,27,13,16,17,20,10,12,13,15,7,8.2,10,11,4,5,6.1,8
USC00361212,CANTON,PA,41.6517,-76.8464,1140,26,1997-98,2024-25,37,38.2,23.5,33,9,12,14.5,17,6,8,8,12,4,5,7,8,2,4,5,7,2,2,3.5,4
USC00361705,CONFLUENCE 1 SW DAM,PA,39.7994,-79.3664,1490,25,1996-97,2025-26,48,54.4,33,39.4,11,15.4,18.6,19,8,11.2,12.6,15,6,8,8,12,4,5.2,6.6,7,2,4,4,5
USC00361833,COVINGTON 2 WSW,PA,41.7375,-77.1158,1745,29,1996-97,2025-26,51.7,51.6,26,31.8,17,19.4,21.2,23,10,12.4,14.2,18,6,8,9,12,4,5,5.2,8,2,3.4,4,5
USC00361838,COWANESQUE DAM,PA,41.9906,-77.1567,1150,27,1996-97,2025-26,36.5,36.7,23,28.8,10,12.8,15,18,6,8.8,9.4,13,4,6,7,8,3,4,4,7,1,2,2.4,4
USC00362183,DONEGAL 2 NW,PA,40.1275,-79.4058,1800,25,1997-98,2025-26,62,63.8,31,41,13,16,17.8,21,9,13,13,19,7,10,10,14,6,8,9,14,4,5.2,6,8
USC00368596,E STROUDSBURG,PA,41.0147,-75.2072,471,24,1996-97,2025-26,39.4,42.1,24,29,9,11.4,13.7,17,5.5,8.4,9.7,11,4,6,7.7,10,3,5,5,8,2,3.4,4.7,6
USC00362470,EBENSBURG SEWAGE PLT,PA,40.4681,-78.7308,1940,29,1996-97,2025-26,65.9,66.9,35,42,15,18,20.4,23,11,14,15.2,19,8,10.4,12.2,14,6,8,9,10,3,5,5.2,8
USW00014860,ERIE INTL AP,PA,42.0803,-80.1822,729,29,1996-97,2025-26,105.1,97.7,50,64.8,14,17.4,18.2,20,11,13,15.2,17,9,11,12,13,7,9,10.2,12,5,7,7.2,8
USC00362721,EVERETT,PA,40.0086,-78.3586,1000,25,1996-97,2025-26,22.6,26.4,12,17.2,7,8.2,9.6,12,4,6.2,8,8,3,4.4,6,7,2,3.2,4.6,6,1,2,2,3
USC00363028,FRANKLIN,PA,41.4003,-79.8306,1015,26,1996-97,2025-26,49.3,49.3,27.5,34,11.5,14,15,19,7,11,13,14,6,8,10.5,12,5,6,7.5,9,3,4,5,5
USC00363130,GALETON,PA,41.7356,-77.6517,1345,25,1996-97,2025-26,49.3,48.8,38,42.2,13,16,17,21,8,11.2,12,13,6,7.2,9,11,4,5.2,6.6,9,2,3,4,4
USC00363311,GLEN HAZEL 2 NE DAM,PA,41.5606,-78.5994,1720,27,1996-97,2024-25,57.4,60,40,49.2,16,19.8,21,28,10,14,15,19,8,10,11.4,14,6,8,9.4,10,2,4,5.4,6
USC00364214,INDIANA 3 SE,PA,40.5972,-79.1186,1102,24,1996-97,2025-26,40.6,39.9,26,33,12,16,16,20,7,10,10.7,15,5.5,7,7.7,12,4,6,6,8,1,3,3,5
USC00364325,JAMESTOWN 2 NW,PA,41.4992,-80.4681,1025,24,1996-97,2025-26,64.9,57.9,32,38.4,14,16.4,17.7,19,10,12,13,16,7,9,9.7,11,6,7,8,10,3,5,5,6
USC00364432,KANE 1NNE,PA,41.6769,-78.8036,1750,28,1996-97,2024-25,87.6,85.2,54.5,60,17,21,23.6,25,12.5,14.6,16.6,20,10.5,12.6,14,15,8,10,10.6,13,5,6.6,7,9
USC00364763,LANCASTER 2 NE FILT PLT,PA,40.05,-76.2742,270,29,1996-97,2025-26,16.7,20.2,8,13.4,4,6,9.2,14,3,5,6,9,2,3.4,4,7,1,3,3.2,5,1,2,2.2,4
USC00364815,LAPORTE,PA,41.4233,-76.4933,1966,30,1996-97,2025-26,64,66.7,33.5,40.6,15,18.2,20.1,29,11,13,14.1,20,8,11,11.1,13,6,8.2,9.1,10,4,5.2,6.1,7
USC00364896,LEBANON 2 W,PA,40.3372,-76.4617,450,30,1996-97,2025-26,21.4,23.5,11.5,15.2,5,8.2,10.3,13,4,5.2,6.2,11,3,4,5,6,2,3,3,5,1,2,2,3
USC00364976,LEWISBURG,PA,40.9475,-76.8786,500,27,1997-98,2025-26,24.6,25.3,14,17.8,7,10,11,14,4,6,7,9,3,4,5.4,7,2,3,3.4,4,1,1.8,2,2
USC00364992,LEWISTOWN,PA,40.5864,-77.5692,460,29,1996-97,2025-26,23.7,25.1,13,17.4,7,10,11,14,5,6,7,10,3,4.4,5.2,8,2,3,4,7,1,1,2,4
USC00365109,LOCK HAVEN SEWAGE PLT,PA,41.1319,-77.4356,566,30,1996-97,2025-26,26.8,28.1,17,22,8,10,11.2,15,5,7,8.1,11,4,5,5.1,7,2,3,4,7,1,1.2,2,5
USC00365344,MAHANOY CITY 2 N,PA,40.8344,-76.1436,1710,24,1996-97,2025-26,43,45.6,20,28.4,11,15.4,17,19,7,10,11,16,5,7.4,9,11,4,6,6.7,8,2,3,3.7,5
USW00014711,MIDDLETOWN HARRISBURG INTL AP,PA,40.1961,-76.7725,299,30,1996-97,2025-26,22.9,25.5,14,19.2,5.5,9,10.1,12,4,6,6,9,2,5,6,6,2,3,3.1,5,1,2,2,3
USC00365790,MILLHEIM,PA,40.8847,-77.475,1120,25,1996-97,2025-26,31,30.5,15,25,9,12,13.6,18,6,9.2,10,15,4,5,6,8,2,3.2,4,6,1,1.2,2,4
USC00366194,NESHAMINY FALLS,PA,40.1483,-74.953,40,26,1997-98,2025-26,11.7,17.7,6.5,11,4,7,7.5,12,3,5,5.5,10,2,4,5,6,1,3,3.5,4,0,2,2.5,4
USC00366238,NEW HOLLAND 2 SE,PA,40.0753,-76.0714,605,30,1996-97,2025-26,27.1,29.2,15,19.2,6,8.2,12,17,4,6.2,7.1,10,3,5,5.1,7,2.5,4,4.1,5,1,2,3,4
USC00366289,NEW PARK,PA,39.7342,-76.5039,800,28,1996-97,2025-26,25.6,26,12,16,6,8.6,9.3,13,4,6,6,7,3,4,5,6,2,3,4,4,1,2,2.3,4
USW00013739,PHILA INTL AP,PA,39.8733,-75.2269,7,30,1996-97,2025-26,17.6,21.4,11.5,15.2,4,7,8,13,3,4.2,5,11,2,4,4,8,1,3,4,5,1,2,3,4
USC00366955,PINE GROVE FURNACE,PA,40.0331,-77.3042,885,24,1996-97,2024-25,26.1,28.2,11.5,18.2,5,9.4,10.7,14,4,7,8,11,3,5,6,7,2,3,4,6,1,2,2,3
USW00094823,PITTSBURGH ASOS,PA,40.4847,-80.2144,1119,30,1996-97,2025-26,37.7,41.3,38,47.4,10,12.2,14.1,18,7,10,10,14,5,7,7,9,3.5,5,7,7,1,3,4,4
USC00367103,PORT ALLEGANY,PA,41.8156,-78.2872,1475,29,1996-97,2025-26,54.5,51.8,44,49.4,14,16.4,18.4,27,10,11,13.2,16,6,8,8.2,12,5,6,6.2,11,2,3.4,4,5
USC00367167,PRINCE GALLITZIN SP,PA,40.6514,-78.555,1520,27,1996-97,2025-26,48.9,46.8,31,39.6,12,15,16,16,9,11,12,13,7,7.8,8,10,4,5.8,7,8,1,3,4,6
USC00367229,PUTNEYVILLE 2 SE DAM,PA,40.9247,-79.2825,1280,25,1996-97,2025-26,23,26.8,18,24.2,8,11.2,12.6,16,5,7,10.2,12,3,4,7.6,9,2,3,5.6,6,2,2,2,3
USW00014712,READING RGNL AP,PA,40.3733,-75.9592,332,27,1999-00,2025-26,24.4,27.3,15,18,6,8,9.8,13,4,6,7,8,3,4.8,5,5,2,3,4,5,1,2,3,4
USW00014767,READING WB CITY,PA,40.3333,-75.9667,289,30,1996-97,2025-26,22.9,25.7,15,18.2,5.5,8,9.2,13,4,6,7,8,2.5,4.2,5,5,2,3,4,5,1,2,3,4
USC00367409,RENOVO,PA,41.33,-77.7381,660,30,1996-97,2025-26,27.5,29.9,20,25.2,8.5,10.2,11.2,16,6,7.2,8,9,3,5,6,6,2,3,4,6,1,2,2,5
USC00367477,RIDGWAY,PA,41.4197,-78.7492,1360,30,1996-97,2025-26,45.3,48.1,30.5,44.4,15,17.2,18.1,25,9,12,13.1,16,6,9,9.1,11,4,7,8,10,2,3.2,4.1,6
USC00367732,SAFE HARBOR DAM,PA,39.9253,-76.3892,195,26,1996-97,2025-26,18.4,20.1,8,12,4.5,7,8,10,3,5,5.5,7,2,4,4.5,5,1,3,3.5,5,1,2,2,3
USC00367782,SALINA 3 W,PA,40.51,-79.5458,1109,24,1996-97,2025-26,22.7,25.9,20,26.4,8,10,11.7,16,5,6.4,7.7,12,2,5,5,7,2,3,3.7,5,0.5,1,2,5
USC00367931,SELINSGROVE 2 S,PA,40.7831,-76.8617,420,30,1996-97,2025-26,22.2,23.9,14,19,6,9.2,10.1,13,4,6,6,7,3,3.2,4,5,2,3,3,4,1,1,2,2
USC00367938,SELLERSVILLE,PA,40.3553,-75.3131,302,26,1996-97,2025-26,17,19.6,8,12,4,6,8.5,11,3,4,6.5,9,2,4,4.5,7,1,3,4,4,1,2,2.5,4
USC00368073,SHIPPENSBURG,PA,40.0592,-77.5214,680,30,1996-97,2025-26,26.5,28.8,14.5,19,6,9.2,11,13,4,7,7,10,3,5,5.1,6,2,3,4.1,5,1,2,3,4
USC00368244,SOMERSET,PA,39.9969,-79.0833,2100,29,1997-98,2025-26,85.3,91.8,47,60.4,15,17.4,18.2,21,12,14,15,16,10,12,13,14,7,10,11,13,5,7,7.2,10
USC00368379,SPRING GROVE,PA,39.8694,-76.8633,450,28,1996-97,2025-26,19.9,24,9,14.2,5,8,9.3,10,4,6,7,8,2.5,3.6,4,6,2,2.6,4,5,1,2,2,4
USC00368361,SPRINGBORO 3 WNW,PA,41.8161,-80.425,1005,29,1996-97,2025-26,108,105.6,49,61,15,19.4,21.2,25,12,14,17.2,21,10,12,13.2,16,8,10,11,12,6,8,9,10
USC00368400,SPRINGTOWN 1 NNE,PA,40.5711,-75.2781,860,28,1996-97,2024-25,34.5,38.2,19.5,24,7.5,11,12.3,14,5,8,8.3,10,3.5,6,6,7,2.5,4,5.3,7,2,3,4,6
USC00368449,STATE COLLEGE,PA,40.7933,-77.8672,1170,30,1996-97,2025-26,35.8,36.5,25,32.2,8.5,11.2,14,15,6,8,9,12,4,6,7,10,3,4,4.2,8,1,2,2.1,6
USC00368469,STEVENSON DAM,PA,41.4039,-78.0183,932,30,1996-97,2025-26,35,34.8,22.5,31,10,13.2,15,19,6,9,10.1,14,4,6,7,9,2,4.2,5.1,7,1,2,2.1,4
USC00368668,SUNBURY,PA,40.8661,-76.7753,575,26,1999-00,2025-26,26.9,27.1,13.5,20,6.5,10,12,17,4,6,7,8,3,4,5,6,2,3,3.5,4,1,2,2,4
USC00368868,TIOGA HAMMOND DAM,PA,41.8975,-77.1419,1230,29,1996-97,2025-26,41.9,41.2,28,35,11,14,15.2,20,7,8,9.2,16,5,6.4,7,10,3,4.4,6,7,2,3,4,4
USC00368873,TIONESTA 2 SE LAKE,PA,41.4792,-79.4433,1200,28,1996-97,2025-26,49.5,47,33.5,40.2,13,16.6,17,19,9,11,12,14,7,8.6,9.3,12,4,6,7.3,8,2,3.6,4,6
USC00368888,TITUSVILLE WTR WKS,PA,41.6311,-79.6931,1220,27,1996-97,2025-26,75.2,77.3,45,55,16,18,20,24,11,13.8,14.4,16,9,11,11.4,15,7,9,9.4,10,4,7,7,8
USC00369022,TYRONE,PA,40.6644,-78.2192,890,27,1996-97,2025-26,29,32.4,17,21.8,8,12,13.4,16,5,7.8,10.4,11,4,5.8,7,8,3,4,5,6,1,2,3,5
USC00369298,WARREN,PA,41.8467,-79.1494,1210,29,1996-97,2025-26,70.6,66.1,41,45.8,15,19.4,22,25,12,14.4,16,17,9,10.4,11,12,6,8,8.2,10,4,5,6,6
USC00369367,WAYNESBURG 1 E,PA,39.8986,-80.1656,940,25,1996-97,2025-26,19.8,24,23,27,7,9,9,11,3,6,7,7,2,4,5,7,1,2,3.6,6,0,1.2,2,5
USC00369408,WELLSBORO 4 SW,PA,41.7003,-77.3872,1818,27,1999-00,2025-26,56.2,53.8,41,47,13,16.8,18,22,9,10.8,11,13,5,7,8,10,4,5,6,9,2,3.8,4.4,6
USC00369714,WILLIAMSBURG,PA,40.4633,-78.1969,860,26,1996-97,2025-26,23.3,26.5,13,17,7,10,11,12,5,6,7,10,3,4,5,8,2,3,4,5,1,2,2,4
USW00014778,WILLIAMSPORT RGNL AP,PA,41.2431,-76.9217,524,30,1996-97,2025-26,31,31.4,22,26.2,7,10,12.2,16,5,7.2,8,8,4,5,6,6,2.5,3,3.1,6,1,2,3,4
USC00374266,KINGSTON,RI,41.4903,-71.5431,117,28,1996-97,2025-26,37.5,34.4,13,20.2,7,9.6,11.6,14,5,7,8.3,12,4,5.6,6,10,3,4,5.3,7,2,3,3.3,4
USC00375270,N FOSTER 1 E,RI,41.8564,-71.7333,630,29,1996-97,2024-25,56.5,56.9,23,30.2,10,12.8,15,19,8,10,12,15,6,8.4,9.4,13,5,6.4,7,12,3,4,4.2,8
USW00014765,PROVIDENCE,RI,41.7225,-71.4325,51,29,1996-97,2025-26,33.9,35.5,15,24.4,7,10,11.2,15,5,7,8.2,12,4,5.4,6.2,8,3,4,4.2,6,2,2.4,3,6
USC00379423,WOONSOCKET,RI,41.9906,-71.5017,360,28,1996-97,2025-26,36.5,38,13.5,19,8,9.6,12,15,6,7.6,8,13,4.5,7,7,11,3,5,6,7,2,3,3,4
USW00014929,ABERDEEN,SD,45.4558,-98.4133,1383,30,1996-97,2025-26,33.3,40.4,32.5,37.6,9,12,15,15,5,9,12,15,4,6.4,8.1,12,3,5,7,8,1.5,3.2,5,5
USC00390043,ACADEMY 2NE,SD,43.4839,-99.0478,1691,28,1996-97,2025-26,40.2,40.3,21,24,10.5,13.6,14,17,7,9,10,12,5,6.6,7,10,3,5,6,7,2,3,4.3,6
USC00390128,ALEXANDRIA,SD,43.6514,-97.7981,1354,24,1996-97,2025-26,33.8,34.5,20,24,9.5,11,12.4,21,5,8,8.7,13,4,6,6,10,3,4,5,8,1,2,2.7,3
USC00390662,BIG STONE CITY 2 NW,SD,45.2994,-96.5,1115,24,1996-97,2024-25,25.3,30.9,11,18.2,7,10,10.7,13,5,7,8.7,11,4,5,6.4,9,2,4,4.7,8,1,3,3.7,5
USC00390701,BISON,SD,45.5267,-102.4661,2780,27,1996-97,2025-26,33,37.8,15,23,10,13.8,17.4,19,7,10.6,12,15,4,6.8,9.4,12,3,4.8,5.4,10,2,3,4.4,6
USC00391032,BRIDGEWATER,SD,43.5525,-97.5017,1417,27,1996-97,2025-26,32.4,34.8,15,18.6,10,12,14,17,7,8.8,10,13,5,7,7.4,12,3,5,6,7,1,3,3.4,4
USC00391049,BRITTON,SD,45.7886,-97.7489,1355,29,1996-97,2025-26,41.9,44.6,21,29,12,15,17.2,19,8,10.4,14.2,16,5,7.8,11,15,4,5.4,8,11,2,3.4,5,8
USC00391076,BROOKINGS 2 NE,SD,44.325,-96.7686,1639,28,1996-97,2025-26,33.6,34.3,26,32,10,12,13,15,6,8,9,12,4,5.6,6,9,3,4.6,5,7,1,2,2.3,4
USC00391294,CAMP CROOK,SD,45.5481,-103.9756,3120,28,1996-97,2025-26,43.5,46.7,21,31.6,14.5,17,21.9,25,9.5,12,15,21,6,8,9.6,16,4,5,6.2,10,1,3,4,6
USC00391392,CANTON,SD,43.3111,-96.5878,1315,26,1996-97,2025-26,38.5,38,21,28,10,13,14.5,18,6,10,11.5,12,5,6,8,10,3.5,5,6,7,1.5,3,3,5
USC00391579,CENTERVILLE 6 SE,SD,43.0428,-96.9033,1276,27,1996-97,2025-26,31.3,30.5,18,25,10,11.8,13,16,6,8,9.4,10,4,4.8,6,8,2,4,4,6,1,2,3,4
USC00391621,CHAMBERLAIN 5 S,SD,43.7353,-99.3125,1704,28,1996-97,2025-26,41.1,41,20.5,26,11,15.2,17,18,7.5,10,11.3,15,5.5,8,9.3,11,4,6,7,8,2,3,3,6
USC00391972,COTTONWOOD 2 E,SD,43.9611,-101.8606,2373,29,1996-97,2025-26,33.6,34.9,18,24.4,9,11.4,12,16,6,9,10,11,4,6,7,8,3,5,5.2,6,2,3,3.2,5
USC00392302,DE SMET,SD,44.3825,-97.5494,1700,29,1996-97,2025-26,37.2,40.5,22,27,12,14,16,20,7,9.4,12,12,4,7,8.2,11,3,5,6,9,2,3,4,5
USC00392429,DUPREE,SD,45.0469,-101.6022,2388,26,1996-97,2024-25,33.8,40.3,17,22,11,13,16,21,8,10,13,17,4.5,8,9.5,13,3,6,6.5,11,1,3,5,6
USC00392446,DUPREE 15 SSE,SD,44.8667,-101.4669,2100,28,1996-97,2025-26,35.4,41.8,19.5,26,9.5,13,17,19,7,10,11,17,4.5,6,8,14,4,5,6.3,12,1.5,3,4.3,7
USC00392557,EDGEMONT,SD,43.3136,-103.8214,3432,26,1996-97,2025-26,32.8,34.2,19.5,24,10,13,14.5,16,6.5,9,11,13,4,5,7,11,3.5,5,5,9,1,2,3,3
USC00392647,ELM SPRINGS 3 ESE,SD,44.3186,-102.4683,2645,27,1996-97,2025-26,31,31.1,15,25.8,10,12,15,16,6,8,9,11,3,5.8,6,8,3,4,4,5,1,2,2,3
USC00392797,EUREKA,SD,45.7656,-99.6222,1871,29,1996-97,2025-26,37.6,38.7,19,27,9,13.4,16,24,5,9,11.4,15,5,6.4,8.8,13,3,5,6.6,10,1,3,4,5
USC00392984,FLANDREAU,SD,44.0475,-96.6025,1560,27,1996-97,2025-26,40.6,40,24,28,11,13,13.4,19,7,9,10,14,5,6,8,11,3,5.8,6,7,2,2,3,4
USC00393029,FORESTBURG 4 NNE,SD,44.0683,-98.0833,1277,27,1996-97,2025-26,31.5,31.9,15,20.8,9,12,13.4,14,6,8.8,9.4,10,4,5.8,6.4,8,2,3.8,5,5,1,2,3,5
USC00393069,FT MEADE,SD,44.4106,-103.4769,3308,25,1998-99,2025-26,40.7,44.3,22,27.2,13,16,18,20,8,12.2,13,16,5,8.2,9,11,4,6.2,7,8,1,3.2,4,6
USC00393452,GREGORY,SD,43.2356,-99.4342,2160,24,1996-97,2025-26,43.7,41.4,18.5,23.4,11,13.8,16,20,7,10,11,13,5,7,8.7,9,4,5.4,6,7,2,3.4,4,5
USC00393560,HARDING 3 SE,SD,45.36,-103.8117,3450,26,1996-97,2025-26,53.5,52.8,18,24,12,16,17.5,18,10,12,14,15,7,9,9.5,11,5,7,7,11,3,4,5,8
USC00393832,HIGHMORE,SD,44.5139,-99.4422,1901,27,1996-97,2025-26,30,37.1,14,18.8,9,13,14.4,17,6,9.6,10.4,13,4,6,7,10,3,5,6,7,1,2.8,4,6
USC00393868,HILL CITY,SD,43.9342,-103.5572,4946,30,1996-97,2025-26,63.9,65.2,33.5,41,15.5,19.2,23.4,28,11,13.2,17.1,18,8,11.2,12,14,6,8,9,12,3,5,5,6
USC00394007,HOT SPRINGS,SD,43.4378,-103.4739,3560,29,1996-97,2025-26,34.3,33.7,15,21.4,10,13.4,14.4,16,6,10,11,12,5,6,6.2,8,3,4.4,5,7,1,2,3,4
USW00014936,HURON RGNL AP,SD,44.3792,-98.2228,1282,29,1997-98,2025-26,37.3,40.6,26,33,9,12.4,15,17,6,8.4,11,11,5,6,7.2,9,3,4,5,9,2,2,3.2,5
USC00394184,INTERIOR 3 NE,SD,43.7483,-101.9414,2440,24,1996-97,2025-26,32,35.8,14.5,21.8,9.5,13,14,16,6,9.4,10,14,4,6.8,8,11,3,5,5.7,7,2,2.4,3,4
USC00394206,IPSWICH,SD,45.4472,-99.0386,1547,29,1996-97,2024-25,22.6,32.9,14,20.2,9,13.4,14.2,20,6,7.8,10.6,14,3,5,8.2,11,2,4.4,7,8,1,3,4,5
USC00394516,KENNEBEC,SD,43.9025,-99.8581,1681,27,1996-97,2025-26,35.8,39.4,18,24.8,10,12,14.4,17,6,8.8,11,13,4,6.8,8,9,3,4.8,7,8,2,3,4.4,7
USC00394596,KIRLEY 7 N,SD,44.6228,-101.3297,2130,25,1996-97,2025-26,34,34.3,20,27.2,8,12,13,15,6,8.2,10,11,4,6.2,7.6,9,3,4.2,5,8,1,3,4,5
USC00394834,LEAD,SD,44.3544,-103.743,5112,29,1996-97,2025-26,158.2,157,56,71,24,27.4,31.2,37,18,23,24.4,30,15,18,19.6,25,11,14.4,16.2,22,7,10.4,12.2,17
USC00394864,LEMMON,SD,45.9397,-102.1575,2567,28,1996-97,2025-26,35.8,40.6,18.5,25.2,9.5,15,17,18,6.5,9.6,11,13,4,6.6,8.3,12,4,5,6.3,8,2,3,3.3,6
USC00395090,MADISON 2SE,SD,43.9906,-97.0922,1643,25,1997-98,2025-26,33.3,32.5,16,22.6,9,12.2,13.6,19,6,8,8.6,12,4,6.2,7.6,9,3,5,5.6,6,1,2,3.6,5
USC00395228,MARION,SD,43.4208,-97.2539,1442,25,1997-98,2025-26,30.9,37.6,19,26,10,12,14.2,16,6,9,10.8,15,4,8,9,11,3,5,6.6,8,2,3,3,4
USC00395325,MAURINE 12SW,SD,44.8656,-102.5658,2629,25,1996-97,2025-26,37.4,39.2,18,23.6,12,15,16.6,17,7,11,11,14,5,7,7.6,10,3,5,6,10,2,3,4,5
USC00395381,MC INTOSH 6 SE,SD,45.8383,-101.2769,2179,29,1996-97,2025-26,33.3,40.3,23,27.4,9,13,15.4,18,7,9.4,12.2,14,5,7.8,10,11,3,5.4,8,9,2,3,4,5
USC00395481,MENNO,SD,43.2358,-97.5714,1333,30,1996-97,2025-26,39,37.8,24.5,29,10,13,13.1,18,7,9,11,14,5.5,7,8,10,3.5,5,6,7,1,2.2,3.1,4
USC00395544,MILESVILLE 5 NE,SD,44.5172,-101.6183,2237,26,1996-97,2025-26,32.3,37.4,18.5,22,10,15,16.5,21,7,9,12,14,4,8,9,11,3.5,5,6,9,2,2,2.5,4
USC00395638,MISSION 14 S,SD,43.1122,-100.6111,2810,30,1996-97,2025-26,38.5,38.5,18,26.2,12,16,17.1,18,8,9.2,11,12,5,7,7,8,3,4.2,6,7,2,2.2,3.1,6
USC00395691,MOBRIDGE 2NNW,SD,45.5656,-100.4489,1693,27,1996-97,2025-26,22.2,32,20,26.8,7,11.8,14.8,17,4,8,10.2,14,2,5,7.8,11,1,4,5.8,11,1,2,3.4,7
USC00395870,MT RUSHMORE NMEM,SD,43.8769,-103.4578,5311,26,1996-97,2025-26,51,51.9,25,34,13,15,17.5,21,9,11,13,15,6.5,8,10,13,4,6,8,11,2,4,4.5,7
USC00395891,MURDO,SD,43.8878,-100.7075,2316,26,1996-97,2025-26,37.2,43,22.5,28,10,13,14.5,19,7.5,9,11.5,18,5.5,7,7.5,11,3.5,5,6,8,2,3,3.5,6
USC00396054,NEWELL,SD,44.7136,-103.4258,2860,27,1996-97,2025-26,30,33.1,13,20.8,8,13,14.4,17,6,9,11,13,4,7,9,11,3,5,6.4,9,2,3,3,4
USC00396292,ONIDA 4 NW,SD,44.7322,-100.1447,1851,27,1996-97,2025-26,42.5,42.3,26,33.8,12,15,16.4,21,8,10,11.4,14,6,7.8,8.4,13,4,5.8,6,8,2,3,3,5
USC00396304,ORAL,SD,43.4042,-103.2678,2980,27,1996-97,2025-26,38,37.8,18,21,11,13,14.4,16,8,10,11,13,6,7.8,8,12,3,5,7,10,2,3,4,5
USC00396427,PACTOLA DAM,SD,44.0622,-103.4819,4720,30,1996-97,2025-26,55.8,59.1,36,46.2,14.5,17,19.1,27,9.5,12,12.1,18,6,9,10.1,13,4.5,6.2,8.1,10,2,3.2,4.2,7
USC00396669,PLATTE,SD,43.3892,-98.8414,1609,24,1996-97,2025-26,42.1,41.2,18.5,23.4,11,13.4,15.7,18,8,10.4,12,13,5,7,8.7,10,4,5,6,8,2,3,4,5
USC00396712,POLLOCK,SD,45.9033,-100.2878,1639,30,1996-97,2025-26,34.3,39.5,19,25.8,12,14.4,19,22,6.5,10,11.4,15,4,8,9.1,14,2.5,6.2,8.1,10,1,4,6.1,7
USC00396947,RAPID CITY 4NW,SD,44.1206,-103.2842,3479,24,1996-97,2025-26,33.9,34.9,16,23,10.5,14,15.7,22,6.5,10.4,11.7,14,5,7,8.7,11,3,4,5,7,1,2,3.7,6
USC00396948,RAPID CITY WFO,SD,44.0728,-103.2108,3379,30,1996-97,2025-26,48,50.6,34,42.4,11,15,15.1,20,8,9,11.1,15,5,7,9,12,4,6,7.1,8,2,3.2,4,7
USC00397277,ROSCOE,SD,45.4503,-99.3364,1833,28,1996-97,2025-26,35.4,42.8,31,38.6,9,13,14.9,21,6,7.6,11.3,15,4,6.6,9,12,3,5.6,7.6,11,1,3,4,7
USW00014944,SIOUX FALLS,SD,43.5878,-96.7294,1495,30,1996-97,2025-26,43.8,42.7,31.5,36.4,10,13,14,19,7,9.2,10,12,5,7,8.1,9,4,5,6.1,9,2,3,3.1,5
USC00397742,SISSETON,SD,45.6656,-97.0394,1209,27,1996-97,2025-26,36.3,41.6,21,27,9,12,14.4,16,7,10,12,14,4,6.8,7.8,13,3,5,6,10,2,3.8,4,6
USC00398116,SUMMIT 1 W,SD,45.3036,-97.0625,1955,30,1996-97,2025-26,52.5,55.7,25,29.4,13,16,19,22,9,13.2,15.1,18,7,9.2,10.1,15,4.5,7.2,9.1,11,2,5,5.1,7
USC00398307,TIMBER LAKE,SD,45.4283,-101.0764,2173,27,1996-97,2024-25,28.1,36.2,25,33,10,14.8,15,17,5,8,9.4,11,3,5.8,7,10,2,4,5,7,1,3,3.4,4
USC00398472,TYNDALL,SD,42.9917,-97.8703,1420,28,1997-98,2025-26,38.7,34.1,19,27.2,9,10.6,12,13,6,7.6,9,10,4.5,6,6.3,9,3.5,5,6,7,1.5,3,3,4
USC00398622,VERMILLION 2 SE,SD,42.7625,-96.9194,1137,30,1996-97,2025-26,30.5,33,14.5,19.2,8,12,13.1,17,6,8,9.1,11,4,5.4,7.1,8,3,4,4.2,8,1.5,2.2,4,5
USC00398652,VICTOR 4 N,SD,45.9203,-96.8308,1095,26,1996-97,2025-26,41,47.7,17.5,26,13,16,17.5,18,7.5,12,14.5,16,5,8,10,14,4,6,8,13,2,4,4.5,6
USW00014946,WATERTOWN RGNL AP,SD,44.9044,-97.1494,1741,24,2001-02,2025-26,37.7,40.2,26,34.4,9,12.4,14.7,19,6,8.4,9.7,14,4,6.4,7.7,9,3,5,5.7,8,2,3,3.7,4
USC00399004,WEBSTER,SD,45.3328,-97.5225,1861,27,1996-97,2025-26,35.9,39,22,26.8,11,12.8,13,16,7,9,10,13,5,6,6.4,9,3,5,5.4,6,1,3,3.4,5
USC00399070,WESSINGTON SPRINGS,SD,44.0756,-98.5706,1715,29,1996-97,2025-26,38.7,41.8,20,24.4,10,13.4,15,17,7,8,9.2,12,5,6.4,7.2,9,4,5,6.2,8,2,3,4,6
USC00399232,WHITE LAKE,SD,43.6872,-98.6717,1629,28,1997-98,2025-26,31.4,35,18.5,24.6,9,11,14,17,6,8,9.3,13,4,6.6,8,11,3,5.6,6.3,8,2,2.6,3,5
USC00399337,WILMOT,SD,45.4078,-96.8619,1201,30,1996-97,2025-26,41.1,47.9,22.5,28.2,11.5,15,16.2,20,7,11.2,12,14,5,8,10.1,12,4,7.2,9,11,2,4,5.1,6
USC00399367,WINNER,SD,43.3686,-99.8403,2016,27,1996-97,2025-26,38.9,41.8,15,21,10,14.6,16,19,7,9,10.4,12,5,6,7,9,4,5.8,6,7,2,3,3.8,7
USC00399442,WOOD,SD,43.4989,-100.4814,2180,27,1996-97,2025-26,43.5,46.7,20,24.8,12,14,16.2,20,8,10,11,13,6,7,8.4,11,4,5,6.4,8,2,3,4,5
USC00399502,YANKTON 2 E,SD,42.8786,-97.3636,1172,28,1996-97,2025-26,38.3,38.4,17,20.6,11,12.6,14,15,7,9,11,12,5,6,7.3,10,4,4.6,6.3,7,2,3,4,6
USW00013877,BRISTOL AP,TN,36.4797,-82.3989,1496,30,1996-97,2025-26,6.5,7.8,9,12.2,2,3,4,8,1,2,3.1,5,0.5,1,2,3,0,1,1.1,3,0,0.2,1,2
USC00403420,GATLINBURG 2 SW,TN,35.6878,-83.5372,1454,30,1996-97,2025-26,7,8.3,5,8,3,4,5.1,6,2,3,3,3,1,1,2,3,0,1,1.1,3,0,0.2,1,2
USC00403679,GREENEVILLE EXP STN,TN,36.1056,-82.8436,1320,28,1996-97,2025-26,7.4,7.4,6,8,2.5,4,4,6,1,2.6,3,4,1,1.6,2,3,0,1,1,3,0,0.6,1,1
USC00406271,MORRISTOWN RADIO WCRK,TN,36.2067,-83.3325,1344,24,1997-98,2024-25,6.3,6.9,5,7,2,3.4,4,6,1,2.4,3,5,1,1,2,2,0.5,1,1,1,0,0,1,1
USC00406272,MORRISTOWN WFO,TN,36.1683,-83.4028,1320,30,1996-97,2025-26,9.1,8.9,8,12,3,4,5,7,2,3,3.1,5,1,2,2,3,0,1,1.1,2,0,0,1,1
USC00406328,MT LECONTE,TN,35.655,-83.4411,6493,28,1996-97,2025-26,67.5,72.8,28,32,14.5,19,20,23,11,15,16,17,9,10.6,12.3,14,7,9,10,12,4,6,8,9
USC00406292,MTN CITY 2,TN,36.4739,-81.8033,2419,24,1996-97,2025-26,8.8,10.7,5,9,3,4,5,8,2,3,3.7,5,1,2.4,3,4,1,1.4,2,3,0,1,1,2
USC00406829,ONEIDA,TN,36.5028,-84.5308,1440,25,1996-97,2025-26,5.7,6.6,3,5.2,2,4,4.6,6,1,3,3,5,0,2,2,4,0,1,2,4,0,0,1,1
USC00408868,TAZEWELL,TN,36.465,-83.5603,1365,30,1996-97,2025-26,7.2,7.9,5,9,3,4,4,6,1,2,3,4,0.5,1,2,3,0,1,1.1,3,0,1,1,2
USC00410012,ABERNATHY,TX,33.8411,-101.8508,3359,26,1996-97,2025-26,6.8,6.9,3.5,6,1.5,3,4,5,1,2,3,3,1,2,2.5,3,1,1,1.5,3,0,1,1,2
USW00023047,AMARILLO,TX,35.2333,-101.7092,3703,30,1996-97,2025-26,13.2,17.1,9.5,14.2,4,6,7.1,9,3,4,5,6,2,3,4,5,1,2,3.1,5,0,1.2,2,3
USC00411000,BOYS RCH,TX,35.5303,-102.2564,3191,30,1996-97,2025-26,9.7,11.3,6,8.2,2.5,5,6,7,2,4,4,6,1.5,2.2,3,4,1,2,2.1,3,0,1,1,3
USC00412464,DIMMITT,TX,34.5442,-102.3019,3870,27,1996-97,2025-26,10,10.8,6,9,3,4.8,6,8,2,3,4,6,1,2.8,3,3,1,2,2,3,0,1,1,2
USC00413368,FRIONA,TX,34.6397,-102.7228,4025,27,1996-97,2025-26,12.3,13.8,6,8.8,3,5,6.4,10,2,3.8,5,7,2,3,4.4,5,1,2,3.4,5,1,1,2,2
USC00413787,GRUVER,TX,36.2631,-101.405,3170,24,1996-97,2025-26,9.4,11.7,4.5,9,3,6,6.7,10,1.5,3,3.7,8,1,2,2,5,1,2,2,3,0.5,1.4,2,2
USC00413972,HART,TX,34.3697,-102.1175,3663,27,1996-97,2025-26,5.8,7.2,4,7,2,3.8,5,7,1,2.8,4,6,1,2,2.4,4,0,1,1.4,3,0,0,1,3
USC00415183,LEVELLAND,TX,33.55,-102.3758,3514,27,1996-97,2025-26,5.1,7.2,4,7,1,3,4,6,1,2,3,4,1,2,2,3,0,1,2,2,0,0.8,1,1
USC00415265,LITTLEFIELD,TX,33.8689,-102.2583,3458,26,1996-97,2025-26,5.8,6.6,4,6,1,3,5,8,1,3,3.5,5,1,1,2,3,0,1,1.5,2,0,1,1,1
USW00023042,LUBBOCK,TX,33.6542,-101.8142,3378,30,1996-97,2025-26,6,6.9,4.5,8.2,1.5,3,4.1,5,1,2,2.1,4,1,1.2,2,3,0,1,1,2,0,1,1,1
USC00415658,MATADOR,TX,34.025,-100.8117,2351,25,1996-97,2025-26,5.5,6.1,3,6.2,2,3,4,6,1,2,2.6,4,1,1.2,2,2,0,1,1,2,0,0.2,1,1
USC00415821,MEMPHIS,TX,34.7258,-100.5378,2065,27,1996-97,2025-26,5.5,5.8,3,5,2,3,4,7,1,2,2,4,1,1,2,3,0,1,1,1,0,0.8,1,1
USC00416074,MORTON,TX,33.7186,-102.7586,3766,26,1996-97,2025-26,5.5,7,4,7,2,4,4,8,1,2,3,4,1,2,2,3,0,1,1.5,3,0,1,1,2
USC00416104,MT LOCKE,TX,30.6711,-104.0231,6790,28,1996-97,2025-26,5,6.2,4,5.6,2,3,4,6,1,2,3.3,4,1,1,1,2,0,1,1,2,0,0,1,2
USC00416135,MULESHOE #1,TX,34.2192,-102.7328,3830,24,1996-97,2025-26,5.5,7.2,4,6,2.5,4,4.7,9,1,3,3.7,5,1,1.4,2.7,4,0.5,1,1,2,0,0,1,1
USC00416644,OLTON,TX,34.1794,-102.135,3611,24,1996-97,2025-26,7.8,8.7,5.5,7,2,3.4,5.7,7,1,2,4,6,1,1.4,2,4,1,1.4,2,3,0,1,1,2
USC00416776,PAMPA #2,TX,35.5544,-100.9736,3150,30,1996-97,2025-26,13.9,14.5,7,10,4,5.2,7,7,2,4,4.1,5,2,3,3,5,1,2,2.1,4,1,1,1.1,3
USC00417079,PLAINVIEW,TX,34.1892,-101.7022,3370,27,1996-97,2025-26,7.2,8.2,5,8.8,2,4,5,7,1,2,3,5,1,2,2,3,1,1,2,2,0,1,1,2
USC00418323,SILVERTON,TX,34.4733,-101.3022,3275,27,1996-97,2025-26,8.3,8.6,4,6,3,4,5,7,1,3,4,5,1,2,2,3,1,1,2,3,0,1,1,2
USC00419175,TULIA,TX,34.5583,-101.7239,3450,27,1996-97,2025-26,10,10.3,5,9.6,3,5,6,7,1,3,3,5,1,2,3,5,1,1,2,4,0,1,1.4,2
USC00419191,TURKEY,TX,34.3961,-100.8967,2352,27,1996-97,2025-26,6,6.7,3,5,2,3,4.4,6,1,2,2.8,4,1,2,2,3,0,1,1,2,0,0,1,1
USC00420061,ALPINE,UT,40.4644,-111.7708,5100,29,1996-97,2025-26,70.3,72.4,28,37,15,20.4,22.2,24,12,14,15.2,19,9,12,14,15,6,9,10.2,15,4,5.4,7.2,12
USC00420072,ALTA,UT,40.5906,-111.6369,8710,27,1996-97,2025-26,453.7,451.2,85,95,33,37.6,40.8,45,28,34,39,42,26,32.4,35.4,40,23,30.4,33.8,38,20,24.4,27.4,29
USC00420074,ALTAMONT,UT,40.3669,-110.2986,6456,25,1996-97,2025-26,28.1,33.9,19,24.4,9,13.2,14,16,6,9.2,11.6,16,4,8,9.2,10,3,5,6,9,1,3,3,4
USC00420086,ALTON,UT,37.4403,-112.4819,7098,28,1996-97,2025-26,62,72.2,21.5,28,11,14,15.9,20,8,11.6,14.6,16,6.5,10,12.3,15,4.5,8,10.3,13,4,5.6,7,10
USC00420730,BLACK ROCK,UT,38.7075,-112.9539,4916,30,1996-97,2025-26,14.2,17.9,5,9.2,4,8,9.3,18,3,6,7,9,3,5,5,6,2,3,4,5,0.5,2,2.1,4
USC00420788,BLUFF,UT,37.2825,-109.5575,4319,30,1996-97,2025-26,5.1,6.2,4,7,2,3.2,4,6,1,2,2.1,5,0,1,2,4,0,1,1,3,0,0,0.1,1
USC00420849,BOULDER,UT,37.905,-111.42,6650,30,1996-97,2025-26,47.5,49.6,14.5,21.2,10,12.4,15,19,7,8.2,11,16,5,7,8.2,13,4,6,8,12,3,4,5.1,7
USC00420819,BOUNTIFUL BENCH,UT,40.8911,-111.8503,4950,30,1996-97,2025-26,108.1,113,44,51,19,23.2,24.2,29,15,18,20.1,22,12,16,17.1,21,10.5,13.2,14.2,19,7,9.2,11,12
USC00421144,CALLAO,UT,39.8997,-113.7128,4342,27,1996-97,2025-26,11.1,11.7,9,16.6,3,7,7,8,2,3,4,6,1,2,2,4,1,1,2,3,0,1,1,2
USC00421171,CAPITOL REEF NP,UT,38.2914,-111.2622,5500,26,1997-98,2025-26,8.7,10.8,5,9,3,4,5,9,1,3,3,7,1,2,3,5,1,2,2,4,0,1,1.5,3
USC00421214,CASTLE DALE,UT,39.2078,-111.0128,5629,27,1996-97,2025-26,14,16.2,7,11,5,7.8,8.8,13,3,5,6.4,11,2,3,5,10,2,2,3,5,1,1,1,3
USC00421446,CITY CREEK WTP,UT,40.815,-111.8322,5340,29,1996-97,2025-26,93.3,101.5,36,45.4,18,24,25,32,14,19,21,25,12,15.8,17.2,20,9,12.4,15,16,6,8.4,10,13
USC00422057,DEER CREEK DAM,UT,40.4044,-111.5289,5270,24,1996-97,2025-26,55.7,60.7,22,30.4,14,16.8,19,29,10,12,14.7,21,7.5,9,9.7,14,5.5,7,8,13,3,5.4,6,8
USC00422101,DESERET,UT,39.2875,-112.6514,4592,29,1997-98,2025-26,19,20,11,15,7,10,11,12,4,6,7,8,3,4,5.2,7,2,3,4,5,1,1,2,2
USC00422253,DUCHESNE,UT,40.1703,-110.3978,5551,28,1996-97,2025-26,22.6,27.7,17.5,23.6,7,11.6,12,17,5,7.6,9.3,15,3,6,7,10,2,4,5.3,6,1,2,2.3,5
USC00422385,ECHO DAM,UT,40.9656,-111.4336,5470,28,1996-97,2025-26,66,68.4,31.5,39.6,19.5,22.6,24.3,27,13,17,18,21,9,12,14.3,15,6,10,11,14,3,5,5.9,10
USC00422558,ENTERPRISE,UT,37.5725,-113.7092,5320,27,1996-97,2025-26,21,22,8,11.8,6,9.6,10.4,13,4,6.8,7.8,10,3,5,5.4,7,2,3,4.4,7,1,2,3,4
USC00422592,ESCALANTE,UT,37.7686,-111.5978,5810,28,1996-97,2025-26,22.8,23.5,9,12.6,5,7.6,8.3,10,3,5,5.3,8,2.5,4.6,5,7,2,3.6,4,6,1,2.6,3,3
USC00422607,ESKDALE,UT,39.1078,-113.9533,4980,28,1996-97,2025-26,13.7,15.4,7.5,12,5,7.6,8.3,11,3,5,6,9,2,3.6,4,5,1,2,2.3,4,0,1.6,2,3
USC00422798,FERRON,UT,39.0883,-111.1486,5950,25,1996-97,2025-26,18.9,21.7,10,14.8,6,8.2,9.6,11,4,6,6,11,3,4.2,5,7,2,3,4,5,1,2,2,3
USC00423012,FREMONT INDIAN SP,UT,38.5778,-112.3347,5920,24,1996-97,2025-26,40.4,41.8,18.5,25.6,11.5,14.8,16,19,8,11,12.7,14,6,8,8.7,10,4,5,5.7,8,1,3,3,6
USC00423348,GRANTSVILLE 2W,UT,40.6019,-112.5075,4550,26,1996-97,2025-26,34,32.6,20,26,10,12,14,15,6,7,9.5,10,4,5,6,8,2,4,4,6,1,2,2.5,4
USC00423600,HANS FLAT RS,UT,38.255,-110.18,6600,29,1996-97,2025-26,32.5,35,21,27,9,13,15,16,6,8.4,10.2,12,4,5,7.2,8,2,4,5.2,7,1,2,3.2,4
USC00423776,HATCH,UT,37.6522,-112.4361,6893,27,1996-97,2025-26,41,46.9,18,23.6,10,14.6,16.2,20,7,11,11.4,14,5,7,8.4,10,4,6,6,10,2,4,5.4,6
USC00424174,IBAPAH,UT,40.015,-114.0108,5374,25,1996-97,2025-26,21.6,22.1,7,10,6,8.2,10,14,4,7,7,9,3,5,6.6,8,2,4,4,6,1,2,2,3
USC00424342,JENSEN,UT,40.3644,-109.3458,4755,30,1996-97,2025-26,15.4,18.5,10,17.4,5,7,9.2,16,3.5,5,7,11,2,4,5.1,10,1,2,3.1,5,0,1.2,2,3
USC00424508,KANAB,UT,37.0286,-112.5361,4900,27,1996-97,2025-26,17,20.2,7,11,5,7.8,8.8,16,3,5,6.8,13,2,3,4.4,9,2,3,3.4,8,1,2,3,3
USC00424755,KODACHROME BASIN PARK,UT,37.5142,-111.9883,5805,30,1996-97,2025-26,21.2,25.8,9,15,6,9,10.1,14,4,6,7,8,3,4,6,7,2,3,5,6,1,2,3,4
USC00424856,LAKETOWN,UT,41.8253,-111.3206,5980,28,1996-97,2025-26,80.5,84.7,31,38.8,21,26,27.6,31,15,19.2,22.3,25,10,14,15,19,7,10,11.3,17,4,7,7,10
USC00425065,LEVAN,UT,39.5608,-111.8653,5298,27,1996-97,2025-26,27,29.7,14,19.8,7,10.8,11,12,6,7,9.8,12,3,5,7.4,10,3,4,5.8,7,2,3,3.4,5
USC00425194,LOGAN 5 SW EXP FARM,UT,41.6661,-111.8914,4488,27,1996-97,2025-26,48.2,52.1,30,37,12,15.8,17.4,20,7,10.8,11,16,6,8,8.4,10,4,5,6.4,10,2,4,4.4,7
USC00425182,LOGAN RADIO KVNU,UT,41.735,-111.8564,4475,26,1996-97,2025-26,42.8,43.1,23,26,14,16,18.5,21,8.5,11,11.5,12,6,7,8,10,4,5,6,8,1.5,3,3,6
USC00425186,LOGAN UTAH ST UNIV,UT,41.7456,-111.8033,4790,27,1996-97,2025-26,61.3,63.2,34,43,15,17,18,20,10,12,12.4,14,7,9,9.4,12,4,6.8,8,10,3,4.8,5.4,8
USC00425402,MANTI,UT,39.2583,-111.6308,5740,26,1996-97,2025-26,50.8,50.6,28.5,34,14.5,19,21.5,23,9.5,12,13,17,7,9,10.5,13,5,7,7,11,2,4,4,7
USC00426123,NEOLA,UT,40.4178,-110.0511,5900,26,1996-97,2025-26,28.6,33.9,16,21,10,13,15,16,7,10,10.5,15,4.5,7,8.5,11,3,5,7.5,8,1,3,4,6
USC00426135,NEPHI,UT,39.7119,-111.8319,5146,30,1996-97,2025-26,38.2,41.5,23.5,32.6,11,14.2,16.1,18,7,10,10,13,5.5,6.2,7,10,3,5,7,7,1,3,3,4
USC00426181,NEW HARMONY,UT,37.4636,-113.2897,5167,29,1996-97,2025-26,39.9,39.6,14,18.4,8,11,13,14,6,8.4,10,12,5,6,7,8,4,5,5.2,7,2,3,4,5
USC00426357,OAK CITY,UT,39.3708,-112.3317,5169,27,1996-97,2025-26,28.5,28.2,13,18,10,12,13.8,20,6,7.8,9.4,12,4,6,7,8,3,4,5,6,1,2,2.4,3
USC00426708,PARTOUN,UT,39.6308,-113.8858,4780,28,1996-97,2025-26,13.4,13.5,7.5,10,5,7,8,9,2.5,4,4.3,8,2,2.6,3.3,7,1,2,3,4,0,1,1,3
USC00426919,PLEASANT GROVE,UT,40.3678,-111.7344,4690,24,1996-97,2025-26,34.2,37,19,23,10,13.4,14.7,19,7,9.4,12.7,14,5,8,10,11,3,5,6,9,1.5,3.4,4.7,6
USC00427064,PROVO BYU,UT,40.2458,-111.6508,4570,29,1996-97,2025-26,32.8,37.3,22,27.4,10,15,16,17,7,10.4,11.4,13,4,8.4,9,10,3,5.4,7,8,1,3,3,5
USC00427165,RANDOLPH,UT,41.6608,-111.1869,6290,28,1996-97,2025-26,66.8,68.9,42.5,53.2,17.5,23,24.6,26,11,15.6,17,18,6.5,11,13,14,6,8.6,10,13,3,4.6,5.3,6
USC00427260,RICHFIELD RADIO KSVC,UT,38.7617,-112.0778,5285,25,1996-97,2025-26,15.7,19,10,14.2,6,10,13,21,2,7,8,14,1,3,4.6,9,1,2,3.6,6,0,1,2,3
USC00427271,RICHMOND,UT,41.9064,-111.81,4680,27,1996-97,2025-26,60.9,61.4,25,28.8,17,20,23,33,12,15,16,20,9,10,11.4,15,6,8,9,13,3,5,6,10
USC00427559,SALINA 24 E,UT,38.9128,-111.4164,7560,24,1996-97,2025-26,60,62.3,27.5,43.6,17,19.8,22,24,12,15.8,17.7,19,9,10,11,14,5.5,7,9,10,2,4.4,5.7,7
USW00024127,SALT LAKE CITY INTL AP,UT,40.7706,-111.965,4227,30,1996-97,2025-26,44.1,45.5,29,35.8,11,16.2,18,19,8,10.2,13,15,5,8,10,11,4,6,6.1,8,2,3,3.1,5
USC00427686,SANTAQUIN CHLORINATOR,UT,39.9578,-111.7794,5160,27,1996-97,2025-26,50,53.2,21,27.8,15,18,19,22,10,14,15,16,7,9,10.4,11,4,7.8,8,9,3,4,5,7
USC00427714,SCIPIO,UT,39.2453,-112.1067,5314,27,1998-99,2025-26,27.6,27.6,12,16,9,10.8,11.4,20,6,7.8,8.4,13,3,5,6,8,2,3.8,4.4,5,1,2,2,4
USC00427729,SCOFIELD-SKYLINE MINE,UT,39.6842,-111.2053,8697,28,1996-97,2025-26,208.6,218.9,59,69.6,26.5,32,33,40,23,27.6,28.3,37,20.5,24,24.3,34,17.5,21,21.3,26,12,15,16.6,20
USC00428119,SPANISH FK PWR HOUSE,UT,40.08,-111.6047,4720,28,1996-97,2025-26,59.4,59.8,26,32.6,14,18,20,21,10.5,13.6,16,17,7.5,10.6,12,13,6,8,9,11,3,5,7,8
USC00428771,TOOELE,UT,40.5353,-112.3217,4944,29,1996-97,2025-26,67,70.1,27,30,16,18.4,20.2,25,12,14,15,16,9,11.4,12,15,6,9,10,13,4,5,6,8
USC00429111,VERNAL,UT,40.44,-109.5356,5345,24,1996-97,2025-26,20.5,24.7,15,23.4,7,10.4,11.7,18,4,7,8,14,2.5,4.4,6,10,1,3,4,7,0,1.4,2.7,4
USC00429133,VERNON,UT,40.0986,-112.4806,5458,25,1996-97,2025-26,28,34.2,15,24.4,11,13.2,17.6,20,6,10,11,15,4,6,7,10,2,5,5.6,6,1,2,3,5
USC00429165,WANSHIP DAM,UT,40.7908,-111.4078,5940,28,1996-97,2025-26,63.7,71.8,38,44.2,17,24.8,27.3,32,13.5,17.6,20,23,8.5,13.6,14.3,17,6,8,9.3,14,3,5.6,6,9
USC00429368,WELLINGTON 3 E,UT,39.5317,-110.7347,5385,26,1996-97,2025-26,16.9,19.4,10,14,6,9,10.5,13,4,5,7.5,10,2,4,5,7,1,2,4,5,1,1,2,3
USC00429595,WOODRUFF,UT,41.5147,-111.1594,6315,27,1996-97,2025-26,49.8,50.7,21,28.8,14,19.8,22,23,10,13.8,16,19,7,8.8,12,13,4,6,7,8,2,3,4,6
USC00440021,ABINGDON 3S,VA,36.6686,-81.9647,1925,29,1996-97,2025-26,9,10.6,6,9,3,6,6.2,7,1,3.4,4,5,1,2.4,3,5,1,2,3,4,0,1,1,2
USC00440243,APPOMATTOX,VA,37.3261,-78.8275,850,26,1997-98,2025-26,9.4,9.4,4.5,8,2,4,4,5,1,2,3.5,5,1,2,2.5,4,1,2,2,4,0,1,1,1
USC00440327,ASHLAND,VA,37.7553,-77.485,220,26,1996-97,2025-26,10.8,12.9,7,9,3,5,5,9,2.5,3,4.5,6,1,2,3,5,1,2,2,4,0,1,1.5,3
USC00440735,BIG STONE GAP,VA,36.8567,-82.7997,1466,29,1996-97,2024-25,6.5,8,3,6,2,5,6,9,1,3,4,6,1,2,2,5,0,1,2,5,0,0,1,2
USC00440766,BLACKSBURG NWSO,VA,37.2039,-80.4144,2103,29,1996-97,2025-26,22.2,21.8,17,20,5,8,8,10,3,5,5.2,7,3,4,4,5,2,3,3,5,1,2,2,3
USC00441082,BROOKNEAL,VA,37.0678,-78.9517,408,28,1997-98,2025-26,6.7,7.6,3.5,6,2,3,4,7,1,2,3,3,1,1,2.3,3,0.5,1,1.3,3,0,1,1,2
USC00441136,BUCKINGHAM,VA,37.5083,-78.5333,580,30,1996-97,2025-26,10.6,10.3,5,7.4,3,4.2,5.1,6,2,3,3,5,1,2,2.1,5,1,1,2,4,0,1,1.1,2
USC00441159,BUENA VISTA,VA,37.7267,-79.3628,840,28,1996-97,2025-26,9.5,10.9,6,7,3,4,5.3,6,2,3,3,4,1,2,3,3,1,2,3,3,0,1,1,3
USC00441209,BURKES GARDEN,VA,37.0908,-81.3364,3068,30,1996-97,2025-26,40.9,42.2,23,31.2,10.5,14,15.2,23,8,10.2,12.1,14,6,8,8.2,11,3,5.2,8.1,9,1.5,3,4,5
USC00441593,CHARLOTTESVILLE 2W,VA,38.0328,-78.5225,866,29,1996-97,2025-26,15,16.1,7,11.4,3,5,5.4,10,3,4,4,6,2,3,4,5,2,2.4,3.2,5,0,1,2,3
USC00441692,CHRISTIANSBURG,VA,37.1278,-80.4033,2100,30,1996-97,2025-26,18.1,19,11.5,15,5.5,7.2,8,9,3,5,5,7,2,3,4,5,1,2.2,3,5,1,1,2,3
USC00441825,CLINTWOOD 1W,VA,37.1456,-82.4908,1566,30,1996-97,2025-26,33.3,34.3,25,31,9,11,12.1,15,6,8.2,9,11,5,6,7.1,8,3,4.2,6,8,1,2,3,6
USC00441955,CONCORD 4 SSW,VA,37.2819,-78.9592,815,27,1996-97,2025-26,9.7,9.3,4,6,3,4,4.4,8,2,2,3.4,5,1,2,3,5,1,1,2,2,0,1,1,2
USC00441999,COPPER HILL,VA,37.0817,-80.135,2846,30,1996-97,2025-26,12.2,16.1,7,14.4,4,6.2,8.1,11,3,5,6,6,2,4,5,5,1,3,4,4,1,1,2,3
USC00442044,COVINGTON FLTR PLT,VA,37.8111,-79.9883,1244,27,1996-97,2025-26,8.2,10.3,4,7.8,3,4,5.4,7,1,2.8,3,5,1,2,2.4,4,1,1,2.4,4,0,1,1.4,3
USC00442142,CROZIER,VA,37.6664,-77.8769,280,28,1997-98,2025-26,9.1,10.2,4,7,3,5,5,6,2,3.6,4,6,1,2,2,4,1,1,2,4,0,1,1,2
USC00442208,DALE ENTERPRISE,VA,38.4547,-78.9353,1358,30,1996-97,2025-26,15.5,18.8,8,10.2,4,6,7,9,3,4,5,6,2,4,4,5,1.5,3,4,5,1,2,2,4
USW00013728,DANVILLE RGNL AP,VA,36.5728,-79.335,552,30,1996-97,2025-26,5.9,7.2,3,7,1,3,4.1,5,1,2,2,4,1,2,2,3,0.5,1,2,3,0,1,1,2
USC00443310,GATHRIGHT DAM,VA,37.9458,-79.9542,1770,30,1996-97,2025-26,15.4,16.4,9,11,4,6,7,8,3,4,5.1,6,2,3,3.1,6,1,2,3,4,0,1,1,3
USC00443640,GRUNDY,VA,37.2822,-82.0886,1157,30,1996-97,2025-26,12.2,14.9,14,18.2,4,6,8.1,10,2,4,4.1,7,1,3,3,4,1,2,2,3,0,1,1.1,2
USC00444128,HOT SPRINGS,VA,37.9994,-79.8322,2244,26,1996-97,2025-26,23.3,22.9,9,12,6,8,9,10,4,5,6,7,3,4,4.5,7,2,3,4,5,1,2,2,5
USC00444777,LEBANON,VA,36.9028,-82.0383,1912,29,1996-97,2025-26,9,11.3,7,13,3,6,7,8,2,3.4,5,6,1,2,3.2,5,1,1,2,3,0,1,1,1
USC00445096,LURAY 5 E,VA,38.6661,-78.3728,1400,27,1996-97,2025-26,10,15,5,7,3,5,5.4,9,2,4,5,7,1,3.8,4,4,1,2.8,3.4,4,1,1,2,3
USW00013733,LYNCHBURG RGNL AP,VA,37.3214,-79.2064,902,30,1996-97,2025-26,9.5,11,7,9,3,4,4.1,7,2,3,3.1,5,1,2.2,3,5,1,2,2.1,3,0,1,1.1,3
USC00445595,MILL GAP,VA,38.3064,-79.72,2416,28,1996-97,2025-26,28,32.1,20.5,26.2,9.5,12,12,14,5,7,8,9,3.5,5,6.3,9,2,4,4.3,6,1,2.6,3,4
USC00445880,MUSTOE 1 SW,VA,38.3144,-79.6589,2367,28,1996-97,2025-26,28,34.2,24,32.6,9,11,12,13,5,6,8.3,10,3,5,5.3,8,3,4,5,7,1,2,3,5
USC00448022,PEARISBURG 4 SSE,VA,37.2786,-80.6889,1678,25,1996-97,2025-26,17.2,17.9,11,14.4,5,6.2,7.6,12,3,5,5,7,2,3,4,6,1,2.2,3,5,1,1.2,2,3
USC00446593,PEDLAR DAM,VA,37.6694,-79.2775,1024,28,1996-97,2025-26,11.1,12.9,7,9,3,5,6,9,2,3,4,4,1.5,2.6,3,4,1,2,2,4,0,1,1.3,2
USC00446712,PIEDMONT RSCH STN,VA,38.2253,-78.1189,520,25,1996-97,2025-26,11.3,15,8,11.2,4,6.2,7,8,2,4,4.6,6,2,3,4,4,1,3,3,4,0,1,1.6,3
USC00446955,PULASKI 2 E,VA,37.0558,-80.7842,2080,25,1996-97,2024-25,13,14,7,12,4,6.2,7,8,2,4,4.6,6,2,3,3,4,1,2,2.6,3,0,1,2,3
USC00447174,RICHLANDS,VA,37.0925,-81.7936,1910,30,1996-97,2025-26,15.9,16.4,9,13,5.5,7,8,9,3,5,5.1,8,2,3,3.1,7,1,2,2.1,6,0,1,2,4
USW00013740,RICHMOND INTL AP,VA,37.5117,-77.3233,166,30,1996-97,2025-26,7,8.3,5.5,8,2,4,4.1,7,1,2.2,4,5,1,2,2.1,3,1,1,1.1,3,0,1,1,3
USW00013741,ROANOKE-BLACKSBURG RGNL AP,VA,37.3172,-79.9736,1138,30,1996-97,2025-26,10.4,12.4,6,10,3,5,6,8,2,3,4,6,1,2,3,4,1,2,2,3,0,1,1.1,3
USC00447506,SALTVILLE 1N,VA,36.8894,-81.7711,1733,26,1996-97,2025-26,8.2,9.9,5.5,9,3,5,6.5,9,1,3,4,4,1,2,3,4,1,1,2,4,0,0,1,1
USC00448062,STAUNTON WTP,VA,38.1814,-79.0903,169,26,1996-97,2025-26,18,19.2,7.5,10,4,6,6,9,3,4,5,6,2,3,4,5,2,3,4,4,1,2,2,4
USC00449025,W PT 2 NW,VA,37.5656,-76.8,20,30,1996-97,2025-26,8.2,9.2,6,9,3,4,4.1,5,1,2,4,4,1,2,3,4,1,1,2,3,0,1,1,2
USC00448800,WAKEFIELD 1 NW,VA,36.9839,-77.0078,113,28,1996-97,2025-26,6,6.7,3.5,8,2,3,3.3,5,1,2,3,3,1,1,1.3,3,0,1,1,2,0,1,1,1
USC00448829,WALKERTON 2 NW,VA,37.7433,-77.04,50,27,1996-97,2025-26,5,6.3,3,5,2,4,4,5,1,2,2.4,4,0,1,2,4,0,1,1,3,0,0,1,2
USW00093738,WASHINGTON DULLES INTL AP,VA,38.9347,-77.4472,294,30,1996-97,2025-26,13.9,18.5,9,12,3,6,7,9,2,4,6,9,2,3,4.1,6,1,2,4,5,0.5,1,2.1,4
USW00013743,WASHINGTON REAGAN NATL AP,VA,38.8472,-77.0344,13,30,1996-97,2025-26,9.8,12.4,7.5,11,2.5,4,5.1,7,2,2.2,5,5,1,2,2.3,5,1,1,2,4,0,1,2,4
USC00448084,WFO STERLING,VA,38.9764,-77.4869,288,28,1996-97,2025-26,15.2,17.6,9,11.6,3.5,5.6,6.3,7,2,4,5,6,2,3,3.3,5,1,2.6,3,5,0.5,1,1.3,3
USC00449215,WISE 1SE,VA,36.9725,-82.5578,2564,29,1996-97,2024-25,34.2,41.1,25,34.4,9,13.4,15,17,6,10,10.2,12,4,8,8,10,3,6,7,8,2,4,5,6
USC00449272,WOOLWINE 1 SE,VA,36.7736,-80.2622,1263,27,1996-97,2025-26,6,7.8,3,5,1,3,4,5,1,2,3,5,1,2,3,4,1,1.8,2,3,0,0.8,1,3
USC00449301,WYTHEVILLE,VA,36.9364,-81.062,2095,28,1996-97,2025-26,13.4,15.6,8,11.6,4,6,7,8,2.5,4.6,6,6,1,3,3.6,6,1,2.6,3,3,0,1,1.3,3
USW00014742,BURLINGTON INTL AP,VT,44.4683,-73.15,332,30,1996-97,2025-26,83.4,83.4,53,61.6,16,18.2,20.2,22,11,13.2,14.1,16,8,10,11,13,6.5,7.2,9,10,4.5,6,7,8
USC00431433,CHITTENDEN,VT,43.7064,-72.9617,1163,28,1996-97,2025-26,84.8,85.2,36,44,18,20,20.6,27,12.5,14,14.3,17,9,11,12,14,7,8,9.3,12,4,5,6.6,10
USC00431580,CORNWALL,VT,43.9572,-73.2106,345,26,1999-00,2025-26,61.2,61.3,29,34,14,17,18,19,10,12,13.5,15,7.5,9,9,10,6,7,7,8,3,4,4.5,6
USC00432773,ENOSBURG FALLS 2,VT,44.9097,-72.8136,425,26,1996-97,2025-26,72.2,72.3,33.5,39,17,22,22.5,24,13,17,17.5,18,9,11,12.5,16,7,8,9,12,3,5,6,7
USC00434120,ISLAND POND,VT,44.8128,-71.8903,1200,30,1996-97,2025-26,105.8,104.4,62,71,23,24,25.3,30,15.5,18.2,20,23,12,15,15.1,17,10,11,12.1,14,6,7.2,8.1,10
USC00436995,RUTLAND,VT,43.6253,-72.9781,620,29,1996-97,2025-26,77.8,77,35,41,18,19,20.2,24,12,14.4,16,18,9,12,12,14,7,8,9,12,4,5,6,7
USC00437054,SAINT JOHNSBURY,VT,44.42,-72.0194,700,30,1996-97,2025-26,85.8,86.1,60.5,68.2,18,20,22.1,25,13,14.2,15.1,19,8.5,11.2,13,14,7,9,9.1,12,5,6,7,7
USC00439984,WOODSTOCK,VT,43.6303,-72.5072,600,25,1999-00,2025-26,66.5,69.4,28,33.2,15,17,19.8,24,11,13.2,14,21,8,10.2,11,16,6,8,9.6,11,4,6,6,7
USC00450844,BOUNDARY DAM,WA,48.9944,-117.3542,1837,25,1996-97,2025-26,54.7,53.2,31,37,12,17,18.6,27,9,13,13.6,21,6,9,10.6,17,5,7,8.6,14,2,5,5,8
USC00451233,CEDAR LAKE,WA,47.4144,-121.7561,1576,26,1996-97,2025-26,37.3,47.2,20,33,6.5,13,14.5,18,5,11,13,16,4.5,8,9.5,14,3,7,8,13,2,5,5,11
USC00451767,COULEE DAM 1 SW,WA,47.9544,-118.9997,1719,26,1996-97,2025-26,10.3,11.4,8,10,4,6,7,12,2,4,4.5,8,1,3,3,6,1,1,1,2,0,0,1,2
USC00452007,DAVENPORT,WA,47.6636,-118.1614,2425,30,1996-97,2025-26,29.9,33.2,19,21.4,8.5,12.2,15,18,5,9,10,10,4,6,7.1,9,2,4,5.1,7,1,2,3,5
USC00452157,DIABLO DAM,WA,48.7142,-121.1431,891,29,1997-98,2025-26,37.1,46,13,20,6,10,10,15,4,6.8,9.2,14,3,6.4,8,10,3,5.4,6.2,9,2,4,5,8
USC00454679,LIND 3 NE,WA,47.0022,-118.5658,1630,26,1996-97,2025-26,14.6,15.4,11.5,14,5,7,7.5,9,2,4,5,6,2,3,3.5,5,1,2,2,4,0,1,2,2
USC00455133,MAZAMA,WA,48.6008,-120.4275,2141,25,1996-97,2025-26,125.6,119.8,51,57.8,17,18,19.2,24,13,16,16,20,11,13.2,15,16,9,11,13,15,6,8.2,9.6,11
USC00455840,NEWHALEM,WA,48.6758,-121.2419,525,29,1997-98,2025-26,20.2,26.5,12,18.8,5,7,8,11,3,6,6.2,8,2,4,5,7,2,3,4.2,7,1,2,2.2,6
USC00455946,NORTHPORT,WA,48.8994,-117.8289,1497,27,1996-97,2025-26,42.1,42.9,24,32,11,13.6,17,20,7,11,12,17,6,8,9,13,4,6,6.4,9,1,3.8,4.4,7
USC00456534,PLAIN,WA,47.7583,-120.6589,1855,29,1996-97,2025-26,114.4,113.2,42,50.4,16,20,21.2,25,13,15,16,20,10,12.4,13.4,18,8,10,12.4,17,6,7.4,9,13
USC00457180,ROSALIA,WA,47.2344,-117.3636,2420,26,1996-97,2025-26,23.9,28.5,15,22,9,12,14,19,5,9,11.5,13,3,7,8,10,2,4,5,6,1,2,3,4
USC00457696,SKAMANIA FISH HATCHERY,WA,45.6219,-122.2178,435,24,1996-97,2024-25,6.5,11.2,5.5,9,1,5.4,6,7,1,3,3.7,4,1,2,2,3,1,1,1,2,0,1,1,2
USW00024157,SPOKANE INTL AP,WA,47.6217,-117.5281,2355,28,1998-99,2025-26,41.9,45,35,43.6,11,13.6,14.6,18,7,10,11,14,5,6,7.3,9,3,5,5,7,2,3,4,5
USC00457941,SPOKANE WFO,WA,47.6811,-117.6267,2391,30,1996-97,2025-26,43.2,46.6,33,40.4,11,14,15.2,19,7,10,11.1,13,5.5,7,8,12,3.5,5.2,6,8,2,3,3.2,6
USC00458059,STEHEKIN 4 NW,WA,48.3508,-120.7264,1257,27,1997-98,2025-26,117.5,115.7,31,41,14,16.8,19,20,11,13.8,15.4,18,8,12,12.4,16,7,9.8,11,14,5,7,8.4,10
USC00458508,TOLT S FK RSVR,WA,47.7,-121.6908,2000,26,1997-98,2025-26,59.9,60.8,19,29,10,14,15,19,8,10,11,16,5.5,9,9,15,5,8,9,13,3.5,5,7.5,8
USC00459074,WENATCHEE,WA,47.4289,-120.31,626,25,1996-97,2025-26,17.3,19.8,13,18.6,5,7.2,9.6,12,3,6,6,9,3,3,4.6,8,2,2.2,3,6,1,1,1,4
USC00470045,AFTON - JANESVILLE WWTP,WI,42.6375,-89.0642,762,30,1996-97,2025-26,39.2,39,21,26,9,11.2,13.1,19,7,8,11.2,14,4.5,6.2,8.1,11,3,5.2,6.1,9,2,3,3,6
USC00470124,ALMA DAM 4,WI,44.3269,-91.9194,670,30,1996-97,2025-26,36.9,37.1,18,25.2,10,13.2,15,18,7.5,9.2,10,12,5,6.2,7,9,3,5,5.1,8,1.5,2.2,4,4
USC00470239,ANTIGO,WI,45.1606,-89.1131,1519,26,1996-97,2024-25,46.1,50.8,29.5,36,14.5,17,19,20,9,13,13.5,15,6,9,10.5,13,4,5,8.5,10,2,3,5,7
USC00470265,APPLETON,WI,44.2769,-88.4378,792,30,1996-97,2025-26,44.4,50.4,34,43.2,11,14.2,16.1,21,7,11.2,12,13,5.5,9,10.1,11,4,5.2,7,9,2,3.2,4,5
USC00470486,BALDWIN,WI,44.9644,-92.3878,1105,27,1996-97,2024-25,40.9,45.8,18,23,12,16.8,19,20,8,11,12,13,6,8,9.4,12,3,5.8,6.4,10,2,3.8,4,6
USC00470516,BARABOO WWTP,WI,43.4583,-89.7269,813,30,1996-97,2025-26,37.9,41.8,23,30.4,9.5,12.2,17,20,6.5,9.2,12.1,14,4.5,7,7.3,12,3,5.2,6.1,9,1.5,3,3,7
USC00470645,BEAVER DAM WWTP,WI,43.4428,-88.8453,861,26,1996-97,2025-26,41.4,44.6,20,28,12,16,17,21,8,12,14,17,6.5,8,9.5,12,4,7,7,8,1.5,3,3,6
USC00470696,BELOIT,WI,42.5039,-89.0311,788,30,1996-97,2025-26,39,38.4,17.5,24.4,9.5,13,14,17,7,10,10.1,12,5,7,8,10,4,5.2,6,7,1.5,3,3.1,5
USC00470855,BLACK RVR FALLS SEWAGE,WI,44.2903,-90.8539,810,24,2000-01,2025-26,40.5,40.8,22.5,28.2,11,14,15,16,5.5,9.4,11,14,4.5,8,8.7,11,3.5,5,6.7,8,1,2,3,5
USC00470904,BLOOMER,WI,45.0908,-91.4867,992,29,1996-97,2025-26,37.9,40.5,20,23.8,14,16.4,19,21,9,11,13,14,6,8,9.2,11,3,6.4,7,8,1,3,4,5
USC00471064,BRILLION,WI,44.1614,-88.0803,810,30,1996-97,2025-26,38.9,42.2,24.5,33.2,12,15.2,17.2,21,7,10.2,11.2,14,5,7,8,10,3,5,6,7,1,3,3.1,5
USC00471078,BRODHEAD WWTP,WI,42.6181,-89.3867,780,30,1996-97,2025-26,35.1,36.9,22,27,10,12,14,20,6,8.2,10,13,4,6.2,8,9,3,4.2,5,6,1.5,2,3,4
USC00471205,BURLINGTON WWTP,WI,42.6508,-88.2544,777,30,1996-97,2025-26,35.6,37.3,18.5,23,9.5,11,14.1,21,7,9,9.1,12,5,7.2,8,10,4,5,6,8,2,3,3,5
USC00471416,CHARMANY FARM,WI,43.0597,-89.4819,1046,29,1996-97,2025-26,37.1,39.1,22,27.4,9,12,13.4,23,7,9,9.4,12,5,7,7.2,9,4,5,5.2,9,2,3,3,4
USC00471568,CHILTON,WI,44.0328,-88.1469,840,27,1996-97,2025-26,45.5,46.1,28,33,12,16,16.8,22,9,10.8,12,13,5,7.8,9,11,4,5.8,6,8,2,2,3.4,4
USW00014991,CHIPPEWA VALLEY RGNL AP,WI,44.8667,-91.4881,884,24,1996-97,2025-26,50.9,53.4,41.5,48.8,13,15.4,16,18,8,11.4,12,13,5.5,8.4,9.7,12,4,6,7.7,10,2.5,3.4,4.7,5
USC00471676,CLINTONVILLE,WI,44.6228,-88.7483,802,28,1996-97,2025-26,44.5,44,25.5,35.6,11,15,17,19,8,9,9.3,13,5,6.6,8,9,4,5,6,8,1.5,3,3,5
USC00471847,COUDERAY 7 W,WI,45.8003,-91.4594,1300,24,1998-99,2025-26,62.8,65.5,40,49.8,15,18,20,26,11,14,15.7,19,7.5,10.8,12,14,6,8,9.4,12,3,4.4,5.7,8
USC00471897,CRIVITZ HIGH FALLS,WI,45.3581,-88.1922,950,24,1996-97,2024-25,54.3,57,32.5,39.8,15,16.4,17.7,22,10,12,13,16,7,8,9.4,10,4.5,7,7.7,8,3,4,5,6
USC00471913,CUBA CITY,WI,42.5997,-90.4242,973,29,1997-98,2025-26,33.9,36.4,19,30.8,10,11,12.4,21,6,8,9,13,5,7,8.2,12,3,5.4,6,9,1,2.4,3,4
USC00471923,CUMBERLAND,WI,45.5331,-92.0228,1240,30,1996-97,2025-26,46.9,52.9,30,39,14,17.2,19,23,10,13,13.1,16,6,10,11,12,4,7,8.1,10,2,3.2,5,6
USC00472173,DODGEVILLE WWTP,WI,42.9608,-90.1161,1118,27,1996-97,2025-26,40.7,39.5,19,27,11,13.8,17,20,7,10.8,13,14,5,8,10,11,4,5.8,6.4,9,2,3,4,5
USC00472314,EAGLE RVR,WI,45.9169,-89.2564,1623,27,1996-97,2025-26,77.1,81.1,47,53.8,18,22.8,24.2,28,13,16,17.8,19,9,11,12.8,15,7,8,11,12,4,5.8,6,10
USC00472839,FOND DU LAC WWTP,WI,43.7953,-88.4533,750,27,1996-97,2025-26,34.2,35.8,20,26.6,9,12,14,19,6,9.6,11.4,13,4,5,8,10,4,5,5.4,7,1,3,3,4
USC00472869,FT ATKINSON WWTP,WI,42.905,-88.8589,787,30,1996-97,2025-26,34.4,35.5,24,29.2,8.5,11.2,13,20,5.5,8.2,10.1,13,4.5,6,7.2,10,3,4,5,6,1,2,2,4
USC00473022,GAYS MILLS,WI,43.3144,-90.8486,689,29,1996-97,2025-26,32.5,35.4,16,26.2,10,13,14,19,7,9,10,14,5,6.4,7,10,3,4.4,6.2,8,1,2,3,6
USC00473038,GENOA DAM 8,WI,43.5706,-91.2294,639,30,1996-97,2025-26,30.8,30.6,16,21.4,10,12,12.1,17,6,7.2,8.1,10,4,5.2,6,8,2.5,4,5,7,1,2,2.1,3
USC00473058,GERMANTOWN WASTEWATER UTILITY,WI,43.2389,-88.1222,870,29,1996-97,2025-26,51,52.9,26,30.2,11,14.4,15.2,18,8,11.4,14,15,6,8,9.2,14,4,5.4,6.4,12,3,4,4.2,9
USC00473186,GORDON,WI,46.245,-91.8047,1040,25,1996-97,2025-26,47.4,56.6,37,43.2,15,18,19.6,22,10,13,13.6,16,6,9,10,12,5,7,7.6,9,2,4,4,5
USW00014898,GREEN BAY,WI,44.4986,-88.1111,823,30,1996-97,2025-26,50,55.7,41.5,45,12,15,18,21,8,11.2,13.1,16,6,8.2,11,13,4.5,7,8,9,2,3.2,4.1,5
USC00473453,HARTFORD WWTP,WI,43.3317,-88.4117,961,27,1996-97,2025-26,35.7,36,22,27,10,13.8,14,16,7,10,10,13,5,7,8,10,3,4.8,5,6,1,2,2.4,4
USC00473511,HAYWARD RS,WI,46.0003,-91.5075,1200,25,1996-97,2025-26,55.7,57.6,35,42.2,14,18.2,20.6,24,10,12.2,13.6,19,7,9,10,14,4,7,8,9,2,4,5,6
USC00473756,HORICON WWTP,WI,43.4389,-88.6314,881,29,1996-97,2025-26,36.7,39.2,21,30.2,10,12.4,14.2,20,7,8.4,10.6,16,5,6,8,11,3,4.4,5,9,1,2.4,3,4
USC00473800,HURLEY,WI,46.4625,-90.1956,1444,28,1996-97,2025-26,142.1,146.1,46.5,55.6,26.5,29.6,32,35,21,23,25.6,28,16,18.6,21,22,13,16,17.6,20,8.5,11.6,13,18
USC00474174,KENOSHA WWTP,WI,42.5608,-87.8156,595,29,1996-97,2025-26,32.9,35.2,19,22.8,8,10.4,12.2,18,5,7,8,12,4,5,6.2,8,3,4,5,5,1,3,3,4
USC00474195,KEWAUNEE,WI,44.4628,-87.505,593,25,1997-98,2025-26,43.6,45.4,23,29.2,11,15,17,21,8,11,11.6,15,5,9,9.6,12,4,5.2,7,10,1,3,4.6,8
USW00014920,LA CROSSE MUNI AP,WI,43.8792,-91.2531,650,30,1996-97,2025-26,40.1,43.7,31,40,10.5,12.2,13,15,6.5,9,10.1,12,5,7,8,9,3,6,6,7,2,3,4,4
USC00474404,LA FARGE,WI,43.5733,-90.6319,799,30,1996-97,2025-26,43.5,45.4,26.5,32.6,12,16,17.1,20,8,10,11.1,15,5,8,8.1,14,4,6,7,9,2,3.2,4,5
USC00474482,LAKE MILLS WWTP,WI,43.0803,-88.8967,811,27,1998-99,2025-26,35.9,38.1,20,29.6,9,12,14,19,6,9,10.4,14,5,6,6.4,8,3,5,6,7,1,3,3.4,5
USC00474546,LANCASTER 4 WSW,WI,42.8278,-90.7889,1040,29,1996-97,2025-26,33.7,36.3,24,29.8,10,13,14.6,19,6,9,11,15,4,7,7,9,3,4.4,6,8,1,2,3,5
USC00474894,LUCK,WI,45.5733,-92.4853,1220,28,1996-97,2025-26,52.7,56.6,26,35.2,14.5,18.6,19.3,21,9.5,12,15,17,6.5,10,13,14,4,7.6,9,11,2.5,4.6,5.3,8
USC00474937,LYNXVILLE DAM 9,WI,43.2117,-91.0986,633,30,1996-97,2025-26,35.3,35.6,19.5,24.2,10,13,15,20,6.5,9,9.2,15,4.5,7,8.1,11,3,5,6,7,2,2,3,3
USW00014837,MADISON DANE CO RGNL AP,WI,43.1406,-89.3453,859,30,1996-97,2025-26,46.8,48.7,33.5,44.6,10.5,14,17,22,7,10.2,12,16,6,7.2,8,12,3.5,5,7,9,2,3,3.1,7
USC00475017,MANITOWOC,WI,44.0869,-87.6522,584,24,1997-98,2025-26,29.6,31.7,18,27,9,10.4,13.4,20,6,7.4,8.7,12,3,5.4,7,9,2,4,5,6,1,2.4,3.7,5
USC00475091,MARINETTE,WI,45.0983,-87.6236,589,28,1996-97,2025-26,45.1,45.8,26,32.6,12.5,14.6,17,22,8,10,11.3,16,5,7,8,9,3.5,5.6,6.3,7,2,3,4,5
USC00475120,MARSHFIELD EXP FARM,WI,44.6411,-90.1333,1237,30,1996-97,2025-26,53.2,56.1,36,43,14,17.4,19.2,22,9,12,13.1,17,6,9,10.1,15,5,6,7.1,9,2,4,5,6
USC00475164,MATHER 3 NW,WI,44.1747,-90.3483,978,28,1996-97,2025-26,49,51.8,24,29.2,13,16.6,17.3,21,9,11.6,13.3,15,7,9,10,12,5,6.6,7.3,9,2,3,5,6
USC00475178,MAUSTON 1 SE,WI,43.79,-90.0597,865,30,1996-97,2025-26,39.2,43.1,19.5,29.2,11,15,17.1,20,7,11,11.1,16,6,8.2,9.1,11,4,6,6.1,8,2,3,4,6
USC00475335,MENOMONIE,WI,44.8742,-91.9364,785,29,1996-97,2025-26,38.1,41.6,20,26,11,15,15,19,8,11,11.2,15,5,8,9,11,3,5.4,7,8,1,3,3,7
USC00475364,MERRILL,WI,45.1786,-89.6617,1250,28,1996-97,2025-26,48,52.8,39.5,48,13,15.6,16,19,8,12,12,15,5.5,7.6,9,9,4,5,6.3,9,2,4,4,6
USW00014839,MILWAUKEE MITCHELL AP,WI,42.955,-87.9044,667,30,1996-97,2025-26,43.2,47.2,32.5,39.2,10,12,13.1,18,7,8,9.1,14,5,7,7,11,3,5,5.1,9,2,3,3.1,8
USC00475516,MINOCQUA,WI,45.8864,-89.7322,1601,29,1996-97,2025-26,87.8,87.8,44,55,19,27,28.2,33,14,20.4,21.2,26,9,15.4,17.2,20,7,12.4,13.2,16,4,7.4,9.2,11
USC00475563,MONDOVI,WI,44.5647,-91.6719,830,30,1996-97,2025-26,50.5,52.3,35,41.4,13,15,16.2,20,9,11,12,12,5.5,8.2,10,10,4,6,7,10,2,3,4,6
USC00475573,MONROE WWTP,WI,42.5992,-89.6669,991,29,1996-97,2025-26,42.2,40.5,23,28,10,13.4,15.4,24,7,10.4,12,19,6,7,9.2,12,4,5,6,7,1,3,3,4
USC00475581,MONTELLO WWTP,WI,43.78,-89.3172,803,30,1996-97,2025-26,37.5,39.2,18,26,11,15,17.1,21,7,11,13,16,5,7.2,10,12,3,5,6.1,8,1,2,3,4
USC00475808,NEILLSVILLE 3ESE,WI,44.5378,-90.535,1080,29,1996-97,2025-26,38.5,41.7,23,30.4,13,16,18.2,23,7,11,12.2,14,5,7.4,8.2,10,3,4.4,6.2,8,1,2.4,3,4
USC00475932,NEW LONDON,WI,44.3586,-88.7189,800,30,1996-97,2025-26,41.2,45.7,26.5,34.4,11.5,14.2,17,19,8,10,13,14,5,7,8,11,4,5,6,9,2,3,3.1,5
USC00476200,OCONOMOWOC WWTP,WI,43.1003,-88.5036,858,30,1996-97,2025-26,37,38.7,27,33.2,11,13.2,14.1,19,7,9,10,14,5,6.2,7.2,9,3,4,4,8,1,2,3,5
USC00476208,OCONTO 4 W,WI,44.8919,-87.955,660,26,1996-97,2025-26,51.2,56.6,23,31,13,17,19.5,23,10,13,15.5,17,8,9,11,14,5,7,8,13,2,3,4,6
USC00476280,ONTARIO 3E,WI,43.7194,-90.53,960,24,1998-99,2024-25,38.1,42.1,21,27,11.5,15,17,21,8,10.4,11.7,14,5.5,7,8.4,12,3.5,5,6,8,2,3,3,6
USC00476330,OSHKOSH,WI,44.0206,-88.5578,750,30,1996-97,2025-26,35,39,22,31.2,11,13.2,15,19,7,10.2,11.1,14,4.5,7,8,10,3.5,4.2,5,7,1,2.2,3,4
USC00476510,PESHTIGO,WI,45.0281,-87.7358,600,27,1996-97,2025-26,51.4,49.4,26,33.8,14,16.8,18,21,9,11.8,12,14,6,8,9,12,4,6,7,8,2,3,4,5
USC00476518,PHELPS,WI,46.0664,-89.0753,1780,26,1997-98,2024-25,87.8,93.3,59,65,21.5,26,27.5,36,15.5,20,21.5,26,11,14,17.5,18,7,10,13,15,4,6,7,10
USC00476678,PLYMOUTH WWTP,WI,43.73,-87.9714,828,30,1996-97,2025-26,40.5,43.7,24.5,31.2,10,13.2,17,20,7,10.2,11,13,5,7,8,9,3.5,5.2,6,7,2,3,3,4
USC00476718,PORTAGE WWTP,WI,43.5306,-89.4369,785,29,1996-97,2025-26,36.2,39.6,20,30.4,10,13.4,16.2,21,7,10,11.2,14,4,7,9,10,4,4.4,6.2,8,1,2.4,3,7
USC00476827,PRAIRIE DU CHIEN,WI,43.0514,-91.135,658,29,1996-97,2025-26,32.3,33.5,18,23,9,11.8,14.4,18,6,8,8.8,15,4,6.4,7.2,10,2,5,5,7,1,2,2,3
USC00476922,RACINE WWTP,WI,42.7028,-87.7858,592,29,1996-97,2025-26,36,39,19,25.4,9,11.4,14.4,18,6,8,11,13,4,6,7.2,11,3,5,5.2,9,2,3,4,6
USC00477092,REST LAKE,WI,46.1222,-89.8772,1612,28,1996-97,2025-26,67.5,76.8,39,54.2,18.5,24.6,25.3,29,13,18,20.3,23,9,12.6,16,18,6,9.6,12.3,16,3.5,5.6,7,13
USC00477113,RHINELANDER,WI,45.5986,-89.4508,1572,29,1996-97,2025-26,62.5,64.7,40,45.8,17,21.8,23,25,12,15,16,17,7,10,11.2,16,5,7.4,8.2,11,2,4,5,5
USC00477132,RICE LAKE,WI,45.4167,-91.7725,1103,27,1996-97,2024-25,45.4,49.7,27,31,13,18,20,24,10,13,14.4,16,6,8.8,10.4,13,4,6,7,9,2,4,4.4,6
USC00477174,RIDGELAND 1NNE,WI,45.2142,-91.8878,1080,29,1996-97,2025-26,43,50.5,18,24.6,14,17.4,18.2,23,10,14,15,15,6,9,11.2,13,4,7,8,11,2,4,5,7
USC00477349,ROSHOLT,WI,44.6272,-89.3061,1138,26,1996-97,2025-26,53.4,54.3,31.5,40,14,17,19.5,22,9,11,14,15,7,8,10.5,12,4,7,7.5,11,2,4,4,5
USC00477708,SHAWANO 2SSW,WI,44.7631,-88.6183,806,30,1996-97,2025-26,47.9,50,27,36,12,16,17.2,19,8.5,10.2,13,15,6,8,9,10,4,5.2,6.1,8,2,3,4,5
USC00477464,ST CROIX FALLS,WI,45.4117,-92.6467,750,28,1996-97,2025-26,33.8,37.1,16.5,22.2,11,13.6,15,22,7,9.6,11,16,5,7.6,8.3,10,3,5,6,9,1,2,3,8
USC00477480,ST GERMAIN,WI,45.9156,-89.4894,1643,27,1996-97,2024-25,70.1,74.5,40,64,19,22,22.4,28,14,16,17,18,11,12.8,14,14,6,8.8,9.4,11,3,5,6,10
USC00478171,STEVENS PT,WI,44.5114,-89.5853,1079,30,1996-97,2025-26,45.8,48.1,33.5,40.2,12,15,17.2,21,8,11,12.1,15,6,7,8.1,10,4,5,5.1,8,2,3,3,4
USC00478229,STOUGHTON WWTP,WI,42.9111,-89.2131,836,29,1997-98,2025-26,36,38.1,17,22,10,13.4,14,26,6,9,10.2,17,5,7,7,12,3,5,6,9,2,3,3.2,6
USC00478241,STRATFORD 1 NW,WI,44.8175,-90.09,1231,26,1996-97,2024-25,40.2,45.9,30,36,14,16,17,23,10,11,12,17,6,8,9.5,11,4,5,6,8,1,2,3.5,5
USC00478267,STURGEON BAY EXP FARM,WI,44.88,-87.3358,699,30,1996-97,2025-26,56.8,58.5,26.5,33,14.5,18,19.1,22,10,14,15,16,7,10.2,11,12,5,7,8.1,10,3,4,5,6
USC00478316,SULLIVAN 3 SE - WFO MKX,WI,42.9675,-88.5494,929,27,1996-97,2025-26,47.1,49.4,34,42.6,10,14.8,16,24,8,9,12,17,6,7,8.4,11,4,5,6.4,8,2,3,4,4
USC00478349,SUPERIOR,WI,46.7269,-92.0719,607,27,1996-97,2025-26,41.2,44.4,21,29,12,14.8,16.4,22,8,10.8,12.4,18,6,8,9.4,12,4,5.8,6.4,9,2,3,3,5
USC00478589,TREMPEALEAU DAM 6,WI,43.9994,-91.4378,660,29,1996-97,2025-26,35.2,36.3,16,23.4,10,14,15,16,7,9.4,10.2,11,4,7,8,9,3,5,7,8,2,2.4,3,4
USC00478672,TWO RIVERS,WI,44.1431,-87.5678,589,25,1997-98,2025-26,46.3,46.4,23,26.4,11,15,16,20,8,10,11.6,15,5,7.2,9.2,11,4,6,6.6,9,2,3.2,4,5
USC00478723,UNION GROVE WWTP,WI,42.6906,-88.0336,718,28,1996-97,2025-26,34.7,38.6,18,24.6,9,11,14,21,7,9,10.3,15,4,6.6,7.3,9,3,5,5.3,9,1.5,3,3,7
USC00470273,UW ARBORETUM - MADISON,WI,43.0411,-89.4286,870,29,1996-97,2025-26,35.4,38.1,19,27.4,10,12.8,15,20,6,9.4,10.2,13,4,6,8,10,3,4.4,5.2,9,1,2.4,4,4
USC00478827,VIROQUA,WI,43.5594,-90.8761,1255,29,1996-97,2025-26,43.8,45.9,28,38.4,11,13,14.4,17,8,10,11,12,5,7,8.2,9,4,5.4,7.2,8,2,3,3,4
USC00478919,WATERTOWN WWTP,WI,43.1742,-88.7364,825,30,1996-97,2025-26,37.6,37.3,27.5,34,10,11.6,15.1,22,5.5,9,10.1,13,4,6.2,7,9,3,4,5.1,6,1,3,3,4
USC00478937,WAUKESHA WWTP,WI,42.9986,-88.2525,802,30,1996-97,2025-26,33.9,35.9,20,26,9,11.2,16,18,6,8.2,9.1,16,4,5.2,7.1,12,3,4,5.1,9,1,2,3,5
USW00014897,WAUSAU ASOS,WI,44.9275,-89.6253,1201,28,1996-97,2025-26,63.7,62.3,44.5,53.6,14,17.6,19.3,21,10,13,13.3,15,7,9,11,13,5.5,7,7.3,10,3,4,4,6
USC00479190,WHITEWATER WWTP,WI,42.8508,-88.7247,807,29,1996-97,2025-26,29.6,30.9,16,23.4,9,12.4,15,20,6,8,9,17,4,6,6,11,3,4,4,8,1,2,2.2,5
USC00479345,WIS RAPIDS GRAND AV B,WI,44.3994,-89.8306,1020,25,1996-97,2025-26,48.3,47.3,27,32.2,13,16,18,19,9,12,13,14,6,8,8,10,4,5.2,6,8,2,3,4,4
USC00479319,WISCONSIN DELLS WWTP,WI,43.6072,-89.7633,833,27,1996-97,2025-26,38.5,41.5,25,29.8,11,15,16,20,7,10.8,13.4,17,5,7,9.4,13,3,5.8,6,11,2,3,3,6
USC00460102,ALDERSON,WV,37.7272,-80.6583,1552,26,1996-97,2025-26,13.9,15.1,7,14,4,7,8,9,3,4,5.5,8,1,2,3.5,6,1,2,3.5,5,0,1,2,3
USC00460509,BARTOW 1S,WV,38.5314,-79.7714,3025,26,1996-97,2025-26,53.5,56.2,42,49,13,16,17.5,20,9,12,13,14,6,9,9,12,5,7,8,10,2,4,5.5,7
USC00460527,BAYARD,WV,39.2728,-79.3683,2412,27,1996-97,2025-26,101.7,110.3,43,54.6,15,18.8,20.4,22,13,14.8,17.8,19,10,13,15,17,8,10.8,12.4,13,6,9,10.4,11
USW00003872,BECKLEY RALEIGH CO AP,WV,37.7836,-81.1228,2494,26,1996-97,2025-26,44.3,48.9,28.5,37,10,13,13.5,21,7,9,10.5,12,5,8,8.5,9,3.5,5,6,8,2,3,4.5,7
USC00460580,BECKLEY VA HOSPITAL,WV,37.7647,-81.1942,2330,27,1996-97,2025-26,30.4,32.8,18,26.4,8,11.8,12.8,15,6,8.8,9,13,4,5,6.4,8,3,4,5,7,1,2,3.4,5
USW00003859,BLUEFIELD MERCER CO AP,WV,37.2978,-81.2036,2855,28,1996-97,2025-26,34.8,36.7,25,33.2,8.5,11,12,12,5,8,9,10,4,5,7,9,2.5,4,6,9,1,3,3,5
USC00460939,BLUESTONE LAKE,WV,37.6419,-80.8828,1393,30,1996-97,2025-26,13.6,16.5,8,11.2,5,7.2,9,10,2.5,4.2,6,9,2,4,4.1,6,1,2,2.1,4,0,1,2,4
USC00461220,BUCKHANNON,WV,38.9803,-80.22,1455,30,1996-97,2025-26,36.6,38.5,22.5,32,10,14,15,20,7,9.2,10,16,5,7,8,10,3,5,7,8,1,2.2,3,6
USC00461324,CACAPON ST PK #2,WV,39.5094,-78.2975,958,26,1996-97,2025-26,16.6,20.2,6,11,4,6,7,8,3,5,5.5,6,2,4,4,5,2,3,4,5,1,2,3,4
USC00461397,CANAAN VALLEY #2,WV,39.0483,-79.4406,3254,26,1997-98,2025-26,140.6,140.5,50,56,19.5,21,22.5,25,15.5,18,19,20,13,16,18,19,11.5,15,16,17,9,11,13,16
USW00013866,CHARLESTON - YEAGER AP,WV,38.3794,-81.5911,912,30,1996-97,2025-26,22.4,24.1,20,25.6,7,8.2,10.1,16,4,5.2,7.1,9,2,4,6,7,2,2.2,3.1,6,0,2,2,3
USC00461579,CHARLESTON WFO,WV,38.3539,-81.71,706,30,1996-97,2025-26,22.8,24,20.5,26.2,7,8.2,10,15,4,5.2,7.1,9,2,4,6,7,2,2.2,3.1,6,0,2,2,3
USW00013729,ELKINS- RANDOLPH CO AP,WV,38.89,-79.8556,1955,30,1996-97,2025-26,61.5,60.7,33.5,42.2,12.5,16.2,18,20,10,12,13.1,18,7,9,11,15,5,8,9.1,11,3,4,6,8
USC00463798,HACKER VALLEY,WV,38.6194,-80.3822,1582,24,1996-97,2024-25,64.2,64.6,31.5,38.6,12,15,16,18,9.5,11.4,12,16,7.5,10,11,15,5,8,10,10,3,5.4,6,9
USW00003860,HUNTINGTON TRI-STATE AP,WV,38.3653,-82.5547,824,28,1996-97,2025-26,11.1,14.7,9.5,15.8,3,5.6,8,12,2,4,6,8,1,2.6,4,6,1,1.6,2.3,5,0,1,1.3,3
USC00464840,KEYSER 2 SSW,WV,39.4214,-79.005,965,30,1996-97,2025-26,25,32.2,21,26,6.5,8.2,9.2,12,4,6.2,7,10,3,5,6,6,2,4,5,6,1,3,4,4
USC00465224,LEWISBURG 3 N,WV,37.8567,-80.4042,2300,30,1996-97,2025-26,25.1,26.2,13,16,6,10,11,12,4,5.2,7.1,10,3,4.2,6,9,2,4,4.1,8,1,2,3,7
USC00465353,LOGAN,WV,37.8664,-81.9844,672,27,1996-97,2025-26,9.4,12.7,7,10,3,4.8,6.8,9,2,2.8,5,8,2,2,3,7,1,2,2.4,7,0,1,2,3
USC00465963,MIDDLEBOURNE 3 ESE,WV,39.47,-80.8569,779,29,1996-97,2024-25,22.1,22.7,20,25.4,7,9,10.2,13,4,7,8,8,2,4.4,5.2,7,2,2.4,3.2,5,0,1,2,2
USC00467018,PIKE ISLAND(LOCK & DAM),WV,40.1478,-80.7014,640,29,1996-97,2024-25,12.1,13.6,11,19.8,4,6.8,9,11,3,4,4.2,6,2,2.4,3,4,1,2,2.2,4,0,0.4,1,1
USC00467649,ROCK CAVE 2 NE,WV,38.8561,-80.3075,1749,25,1996-97,2025-26,44.3,49.4,28,31.2,12,15.2,16,18,7,10,11,14,5,8,9,11,4,7,8,9,2,3,6,8
USC00468308,SNOWSHOE,WV,38.4014,-79.9953,4802,27,1996-97,2025-26,127,132.2,46,54.2,23,26,27,28,18,20.8,21.8,24,14,18,18.4,20,12,14.8,16,18,8,10,11.4,15
USC00468986,TYGART DAM,WV,39.3133,-80.0297,1235,25,2000-01,2025-26,23,24.5,21,23,7,10.2,11.6,13,4,7,8.6,11,3,4.2,6,8,2,3,3.6,7,1,2,2,3
USC00469522,WHITE SULPHUR SPRINGS,WV,37.7883,-80.3083,1919,30,1996-97,2025-26,17.9,18.5,10,15.2,5,7.2,9.1,11,3,4,6,8,2,3.2,4,7,1,2,3,4,1,1.2,2,4
USC00480140,ALTA 1 NNW,WY,43.7728,-111.0339,6440,29,1996-97,2025-26,110.5,109.7,40,43.4,26,30,32,42,22,25,26.2,37,15,17.8,20.4,27,12,14,17.2,23,6,9,10,13
USC00480540,BASIN,WY,44.3797,-108.035,3840,28,1996-97,2025-26,21.6,20.4,13.5,17,9,11.6,12.3,15,4.5,6,7,8,2,3.6,4.3,5,1,2,2.3,3,0,1,1,2
USC00480552,BATES CREEK #2,WY,42.6233,-106.3567,6042,28,1996-97,2025-26,67.5,66.7,30,40.2,18,23.6,24.3,28,12,15.6,17,17,7.5,10,12,15,6,7.6,8,14,3,4,4.3,7
USC00480951,BOULDER REARING STN,WY,42.7156,-109.6894,6940,30,1996-97,2025-26,41.4,40.6,28,33.2,16.5,18.2,20.2,23,8.5,10.2,12.2,15,5,7.2,8.1,9,3,4,5.1,9,0.5,2,3,4
USC00481000,BOYSEN DAM,WY,43.4053,-108.1633,4875,26,1996-97,2025-26,19.7,18.1,13,20,6.5,11,11,12,2.5,5,6,7,2,3,3.5,6,1,2,2.5,3,0,1,2,2
USC00481220,BURGESS JUNCTION,WY,44.7742,-107.5217,8060,29,1996-97,2025-26,219.4,230.9,67,81.4,39,41.4,43,43,31,34.4,35,38,25,27,31.2,33,21,23,24.6,30,14,17,19.2,21
USW00024089,CASPER-NATRONA CO AP,WY,42.8978,-106.4736,5319,28,1998-99,2025-26,69.4,71.4,43.5,51,17,20.6,21,26,11,16,16.3,20,8,11,12.3,15,5.5,7,8.3,11,3,4,4.3,6
USW00024018,CHEYENNE,WY,41.1519,-104.8061,6193,30,1996-97,2025-26,54.9,61,41.5,50.2,14,19,20.1,24,8.5,12.2,13.1,17,6.5,8,9.3,12,4.5,6,6.3,10,2.5,4,5,8
USC00481775,CLARK 3NE,WY,44.9364,-109.1372,4117,30,1996-97,2025-26,20.4,22.2,17,23.4,7.5,10,11,14,3,5,7,8,2,3,4,5,1,2,2.1,4,1,1.2,2,3
USC00481840,CODY,WY,44.5022,-109.1111,5280,29,1996-97,2025-26,41.9,41.8,19,24,13,16,17,19,9,10.4,12.2,15,5,8,9.2,11,4,6,7,10,1,3,4,5
USC00482242,DANIEL FISH HATCHERY,WY,42.9281,-110.1272,7341,30,1996-97,2025-26,58.7,60.9,41,48,20,22.2,23.2,25,12,14.2,16,18,8,9.2,10.2,14,5,7,8.1,10,2,4,4.1,6
USC00482375,DARWIN RCH,WY,43.4128,-110.1633,8190,28,1996-97,2025-26,103.6,106.9,61,74.2,25,28,30.6,33,17,19.6,21.6,27,12,15,17,21,9,11.6,13,16,5,7.6,9,12
USC00482415,DEAVER,WY,44.8925,-108.5931,4110,26,1996-97,2025-26,14.1,13.9,9.5,14,5,8,8,10,3,4,5,7,1.5,2,3,6,1,2,2,3,0,1,1,2
USC00482580,DILLINGER,WY,44.0989,-105.1175,4310,27,1996-97,2024-25,40.6,41.7,21,22,13,15,15.4,18,8,11,11,12,5,7,8,8,3,5,5.4,6,1,2,3.4,4
USC00482715,DUBOIS,WY,43.5397,-109.6553,6955,24,1996-97,2025-26,54.2,55,34,44.8,17,21.4,22,23,10.5,12.4,13,16,7,8.4,9.7,13,5,7,8,10,2,4,4,5
USC00483031,EMBLEM,WY,44.4972,-108.3906,4448,25,1998-99,2024-25,10.7,12.9,11,16.2,6,10.2,16.6,29,2,4,5.2,9,1,2,2.6,5,0,1.2,2,2,0,0,1,2
USC00483396,FONTENELLE DAM,WY,41.9861,-110.0611,6485,26,1997-98,2025-26,21.7,25.6,15,19,9,11,13.5,15,5,7,8,11,2.5,5,6,7,1,4,4,5,1,1,2.5,4
USC00483855,GILLETTE 3SE,WY,44.2667,-105.4489,4490,28,1996-97,2025-26,51.3,51.9,30.5,37.2,16,18.6,20,30,10,13,14,19,6.5,8,10,12,4,5,6,9,2,3,3.3,5
USC00484442,HECLA 1E,WY,41.15,-105.1667,6690,25,1996-97,2024-25,70.6,71.2,27,31.2,17,20.2,21,27,12,14,14.6,19,8,10,11,13,6,7,8,11,4,5,5,6
USC00484925,JEFFREY CITY,WY,42.4936,-107.8269,6320,28,1996-97,2025-26,59.1,57.4,23,30,16,19,20,24,11,14,14.6,17,8,10.6,12,13,5,7,7.3,10,3,4,5,5
USW00024021,LANDER AP,WY,42.8153,-108.7261,5572,28,1998-99,2025-26,75.6,82,34,39.6,15,17.2,18.6,21,11,13,14.3,18,9.5,10,11,12,7.5,9,9.3,11,4,6,7,8
USC00485506,LEITER 9N,WY,44.85,-106.2889,4160,24,1996-97,2024-25,52.2,51.5,36,42.4,15,19,20.7,22,9.5,12.4,13.7,15,5.5,9,10,11,3.5,5,6.7,8,2,2,4.4,5
USC00485525,LEO 6 SW,WY,42.1953,-106.8556,6035,28,1996-97,2025-26,52.7,53,19.5,25.6,14,18,19,28,9.5,12.6,13.3,16,7,9,10.3,12,5,6,7.6,10,3,3,4,6
USC00486195,MIDWEST,WY,43.4131,-106.2772,4860,24,1999-00,2024-25,44.8,48.5,23,27.4,16,18,19,21,10,11,12,13,6,7.4,9.4,10,4,5,6.7,10,2,3,3.7,6
USC00486555,MTN VIEW,WY,41.2658,-110.3375,6800,25,1996-97,2025-26,67.9,63.7,35,42.2,17,23,23.6,28,11,14.2,15,23,8,9.4,11,19,5,7,8,11,2,4,5,7
USC00487388,POWELL FLD STN,WY,44.7764,-108.7592,4372,24,1996-97,2025-26,11.4,12.8,10,17.8,5,7.4,8,11,2,4.4,5,6,1,2,2,3,0.5,1,1,3,0,1,1,1
USC00487473,RAIRDEN 2WSW,WY,44.1786,-107.9381,4020,27,1996-97,2025-26,21.1,20.6,17,19.8,9,10.8,11.4,17,5,6,7,9,2,3.8,4,5,1,2,3,4,0,1,1,2
USC00487555,REDBIRD,WY,43.2428,-104.2864,3883,29,1996-97,2025-26,56.9,54.8,22,24,14,17,18,23,11,13,14.2,17,8,10.4,11,13,6,7.4,9.2,12,3,4,4.2,8
USC00487760,RIVERTON,WY,43.0306,-108.3744,4955,29,1996-97,2025-26,45.2,47.2,31,35,12,14.4,15,18,8,10,10,14,5,8,9,11,4,6,6.2,10,1,3,4.2,6
USC00488626,STORY,WY,44.5767,-106.9061,5168,30,1996-97,2025-26,122.7,129.2,57,67.4,24,30,30.1,36,18,23,24.1,26,14.5,17.4,19.1,22,11,14.2,16.1,18,7.5,10,10,15
USC00488808,SYBILLE RSCH UNIT,WY,41.7644,-105.375,6094,26,1996-97,2025-26,66.7,68.2,27.5,38,15,18,20.5,22,11,14,16.5,18,8,11,13,14,6,8,9.5,13,3.5,5,6.5,7
USC00488858,TENSLEEP 16SSE,WY,43.8089,-107.3617,4660,29,1996-97,2024-25,62.6,62.7,33,40,19,21.4,23,23,12,14,16,19,7,10.4,11.6,16,5,8,10.2,13,3,4,5,7
USC00488852,TENSLEEP 4NE,WY,44.0647,-107.3819,4748,30,1996-97,2025-26,52.1,52.9,29.5,35.2,15.5,19,20,23,10.5,13,15,17,6.5,8.2,9,10,4,6.2,7,8,2,3,4,4
USC00488875,THERMOPOLIS,WY,43.6483,-108.2036,4321,28,1996-97,2025-26,30.8,32.6,13,17,10,12.6,14.3,17,7,9,10,12,4,6,7.3,10,3,4,4.3,9,1,3,3,4
USC00488884,THERMOPOLIS 9NE,WY,43.7533,-108.1431,4282,28,1996-97,2025-26,41.6,46.2,23,30.6,10,15.6,16.3,19,8,11,15,17,5,7.6,11,12,3,5.6,9,12,2,3,3.3,6
USC00488997,TORRINGTON 29N,WY,42.4828,-104.1494,4860,30,1996-97,2025-26,49.2,53.7,29.5,38.2,13,15.2,17,19,8,11.4,14,17,6,9,11,14,4.5,7.2,9.1,11,2,4,5,7
USC00489025,TOWER FALLS,WY,44.9167,-110.4203,6275,26,1996-97,2024-25,87.7,93.9,68,74,22.5,27,27,32,15,19,21,22,10,13,15,17,7,11,11,13,4,7,7,9
USC00489205,UPTON,WY,44.0928,-104.6114,4320,27,1996-97,2025-26,40.5,43,19,23.8,14,18,19,28,10,12,13.4,15,7,8.8,9.4,10,3,5,6.4,9,2,3,3.4,4
USC00489905,YELLOWSTONE PARK MAMMOTH,WY,44.9767,-110.6964,6203,28,1996-97,2025-26,77.3,74,55.5,68,19.5,23.6,26.6,29,12,16,17,19,8,11,11.3,15,5,7,7,9,3,4,4.3,5
